装等,entry,旧名称,新名称,槽位,定位
230,99423,秘星·星纱冠冕洞察,暮光审判官临世头巾,头部,法系输出
230,99424,秘星·星纱冠冕迅捷,潮汐之兜帽,头部,法系输出
230,99425,秘星·星纱冠冕破阵,秘术面罩,头部,法系输出
230,99426,秘星·星纱冠冕无瑕,咒术头冠,头部,法系输出
230,99427,秘星·星纱肩卫洞察,风暴峭壁肩饰,肩部,法系输出
230,99428,秘星·星纱肩卫迅捷,蓝龙军团肩饰,肩部,法系输出
230,99429,秘星·星纱肩卫破阵,御风者降临衬肩,肩部,法系输出
230,99430,秘星·星纱肩卫无瑕,诅咒之城肩巾,肩部,法系输出
230,99431,秘星·星纱法衣洞察,黎明·长袍,胸部,法系输出
230,99432,秘星·星纱法衣迅捷,凛冽·衣袍,胸部,法系输出
230,99433,秘星·星纱法衣破阵,幻光衣袍,胸部,法系输出
230,99434,秘星·星纱法衣无瑕,驭龙者之法衣,胸部,法系输出
230,99435,秘星·星纱束带洞察,擎天腰链,腰部,法系输出
230,99436,秘星·星纱束带迅捷,秩序之腰链,腰部,法系输出
230,99437,秘星·星纱束带破阵,破晓腰带,腰部,法系输出
230,99438,秘星·星纱束带无瑕,秘法之腰带,腰部,法系输出
230,99439,秘星·星纱腿卫洞察,战争领主战裙,腿部,法系输出
230,99440,秘星·星纱腿卫迅捷,圣贤长裤,腿部,法系输出
230,99441,秘星·星纱腿卫破阵,荣光裤腿,腿部,法系输出
230,99442,秘星·星纱腿卫无瑕,生长战裙,腿部,法系输出
230,99443,秘星·星纱战靴洞察,寒霜布靴,脚部,法系输出
230,99444,秘星·星纱战靴迅捷,安戈洛之护足,脚部,法系输出
230,99445,秘星·星纱战靴破阵,冬拥湖足具,脚部,法系输出
230,99446,秘星·星纱战靴无瑕,魔铁长靴,脚部,法系输出
230,99447,秘星·星纱腕轮洞察,命轮·腕轮,腕部,法系输出
230,99448,秘星·星纱腕轮迅捷,护臂·蓝龙,腕部,法系输出
230,99449,秘星·星纱腕轮破阵,卡拉赞日蚀护臂,腕部,法系输出
230,99450,秘星·星纱腕轮无瑕,幽影镇海腕轮,腕部,法系输出
230,99451,秘星·星纱护手洞察,冰封护手,手部,法系输出
230,99452,秘星·星纱护手迅捷,镇魂使之手套,手部,法系输出
230,99453,秘星·星纱护手破阵,神恩之手套,手部,法系输出
230,99454,秘星·星纱护手无瑕,天启者净世手套,手部,法系输出
230,99455,秘星·荒野冠冕洞察,破界头盔,头部,法系输出
230,99456,秘星·荒野冠冕迅捷,祖尔法拉克月刃战盔,头部,法系输出
230,99457,秘星·荒野冠冕破阵,风暴峭壁晨星面甲,头部,法系输出
230,99458,秘星·荒野冠冕无瑕,精金头盔,头部,法系输出
230,99459,秘星·荒野肩卫洞察,月刃之披肩,肩部,法系输出
230,99460,秘星·荒野肩卫迅捷,赞加沼泽天火披肩,肩部,法系输出
230,99461,秘星·荒野肩卫破阵,守望者之肩甲,肩部,法系输出
230,99462,秘星·荒野肩卫无瑕,天穹冻结肩铠,肩部,法系输出
230,99463,秘星·荒野法衣洞察,凛冬战衣,胸部,法系输出
230,99464,秘星·荒野法衣迅捷,自然·胸甲,胸部,法系输出
230,99465,秘星·荒野法衣破阵,源质胸甲,胸部,法系输出
230,99466,秘星·荒野法衣无瑕,轮回降世战衣,胸部,法系输出
230,99467,秘星·荒野束带洞察,咒纹腰带,腰部,法系输出
230,99468,秘星·荒野束带迅捷,苍穹·战带,腰部,法系输出
230,99469,秘星·荒野束带破阵,玄冰扣带,腰部,法系输出
230,99470,秘星·荒野束带无瑕,裁决者腰带,腰部,法系输出
230,99471,秘星·荒野腿卫洞察,晶歌森林玄铁护腿,腿部,法系输出
230,99472,秘星·荒野腿卫迅捷,咒纹·战裙,腿部,法系输出
230,99473,秘星·荒野腿卫破阵,潜行者缚龙护腿,腿部,法系输出
230,99474,秘星·荒野腿卫无瑕,织法者腿甲,腿部,法系输出
230,99475,秘星·荒野战靴洞察,灰熊丘陵群星战靴,脚部,法系输出
230,99476,秘星·荒野战靴迅捷,护足·奥术,脚部,法系输出
230,99477,秘星·荒野战靴破阵,焚烧踏靴,脚部,法系输出
230,99478,秘星·荒野战靴无瑕,秘术护足,脚部,法系输出
230,99479,秘星·荒野腕轮洞察,黑翼之巢血月臂甲,腕部,法系输出
230,99480,秘星·荒野腕轮迅捷,护臂·幻影,腕部,法系输出
230,99481,秘星·荒野腕轮破阵,镇岳护臂,腕部,法系输出
230,99482,秘星·荒野腕轮无瑕,地狱火半岛之护臂,腕部,法系输出
230,99483,秘星·荒野护手洞察,冰冠堡垒护手,手部,法系输出
230,99484,秘星·荒野护手迅捷,蚀日之手套,手部,法系输出
230,99485,秘星·荒野护手破阵,冬拥湖之护手,手部,法系输出
230,99486,秘星·荒野护手无瑕,赤焰破天手甲,手部,法系输出
230,99487,秘星·雷纹冠冕洞察,虚空风暴命轮面甲,头部,法系输出
230,99488,秘星·雷纹冠冕迅捷,兜帽·幻光,头部,法系输出
230,99489,秘星·雷纹冠冕破阵,奥术头冠,头部,法系输出
230,99490,秘星·雷纹冠冕无瑕,秘术头盔,头部,法系输出
230,99491,秘星·雷纹肩卫洞察,唤潮者镇渊肩卫,肩部,法系输出
230,99492,秘星·雷纹肩卫迅捷,潜行者之肩卫,肩部,法系输出
230,99493,秘星·雷纹肩卫破阵,屠龙者肩卫,肩部,法系输出
230,99494,秘星·雷纹肩卫无瑕,安戈洛肩铠,肩部,法系输出
230,99495,秘星·雷纹法衣洞察,太古战衣,胸部,法系输出
230,99496,秘星·雷纹法衣迅捷,星轨护胸,胸部,法系输出
230,99497,秘星·雷纹法衣破阵,惊涛护甲,胸部,法系输出
230,99498,秘星·雷纹法衣无瑕,祖达克天穹护胸,胸部,法系输出
230,99499,秘星·雷纹束带洞察,守护战带,腰部,法系输出
230,99500,秘星·雷纹束带迅捷,扣带·咒纹,腰部,法系输出
230,99501,秘星·雷纹束带破阵,万法王之战带,腰部,法系输出
230,99502,秘星·雷纹束带无瑕,战带·永恒,腰部,法系输出
230,99503,秘星·雷纹腿卫洞察,泰罗卡森林腿铠,腿部,法系输出
230,99504,秘星·雷纹腿卫迅捷,秘术腿铠,腿部,法系输出
230,99505,秘星·雷纹腿卫破阵,腿铠·翡翠,腿部,法系输出
230,99506,秘星·雷纹腿卫无瑕,死亡骑士碎星战裙,腿部,法系输出
230,99507,秘星·雷纹战靴洞察,圣光镇渊战靴,脚部,法系输出
230,99508,秘星·雷纹战靴迅捷,符文战靴,脚部,法系输出
230,99509,秘星·雷纹战靴破阵,晶歌森林之踏靴,脚部,法系输出
230,99510,秘星·雷纹战靴无瑕,霸主冻结踏靴,脚部,法系输出
230,99511,秘星·雷纹腕轮洞察,破晓者之腕铠,腕部,法系输出
230,99512,秘星·雷纹腕轮迅捷,擎天护腕,腕部,法系输出
230,99513,秘星·雷纹腕轮破阵,荣光·护臂,腕部,法系输出
230,99514,秘星·雷纹腕轮无瑕,圣殿骑士腕铠,腕部,法系输出
230,99515,秘星·雷纹护手洞察,星芒之拳甲,手部,法系输出
230,99516,秘星·雷纹护手迅捷,先驱者镇世护手,手部,法系输出
230,99517,秘星·雷纹护手破阵,红龙焚天手套,手部,法系输出
230,99518,秘星·雷纹护手无瑕,先知护手,手部,法系输出
230,99519,秘星·王庭冠冕洞察,面甲·玄冰,头部,法系输出
230,99520,秘星·王庭冠冕迅捷,圣光之战盔,头部,法系输出
230,99521,秘星·王庭冠冕破阵,幽暗城月刃战盔,头部,法系输出
230,99522,秘星·王庭冠冕无瑕,裁决者面甲,头部,法系输出
230,99523,秘星·王庭肩卫洞察,天穹之肩卫,肩部,法系输出
230,99524,秘星·王庭肩卫迅捷,卡拉赞肩胄,肩部,法系输出
230,99525,秘星·王庭肩卫破阵,降世肩卫,肩部,法系输出
230,99526,秘星·王庭肩卫无瑕,虚空肩卫,肩部,法系输出
230,99527,秘星·王庭胸铠洞察,龙骨之胸铠,胸部,法系输出
230,99528,秘星·王庭胸铠迅捷,奥义护胸,胸部,法系输出
230,99529,秘星·王庭胸铠破阵,龙骨荒野胸铠,胸部,法系输出
230,99530,秘星·王庭胸铠无瑕,混沌·胸铠,胸部,法系输出
230,99531,秘星·王庭束带洞察,纳格兰之腰铠,腰部,法系输出
230,99532,秘星·王庭束带迅捷,腰甲·永恒,腰部,法系输出
230,99533,秘星·王庭束带破阵,幻光腰甲,腰部,法系输出
230,99534,秘星·王庭束带无瑕,极光·扣带,腰部,法系输出
230,99535,秘星·王庭腿卫洞察,远征军之腿胄,腿部,法系输出
230,99536,秘星·王庭腿卫迅捷,寒霜之腿胄,腿部,法系输出
230,99537,秘星·王庭腿卫破阵,净世腿胄,腿部,法系输出
230,99538,秘星·王庭腿卫无瑕,符文大师之腿甲,腿部,法系输出
230,99539,秘星·王庭战靴洞察,破晓·踏靴,脚部,法系输出
230,99540,秘星·王庭战靴迅捷,龙骨·护足,脚部,法系输出
230,99541,秘星·王庭战靴破阵,驭天护足,脚部,法系输出
230,99542,秘星·王庭战靴无瑕,先知之护足,脚部,法系输出
230,99543,秘星·王庭腕轮洞察,护臂·霜裔,腕部,法系输出
230,99544,秘星·王庭腕轮迅捷,腕铠·轮回,腕部,法系输出
230,99545,秘星·王庭腕轮破阵,腕甲·幽影,腕部,法系输出
230,99546,秘星·王庭腕轮无瑕,海加尔山生长臂甲,腕部,法系输出
230,99547,秘星·王庭护手洞察,寒冰皇冠拳甲,手部,法系输出
230,99548,秘星·王庭护手迅捷,灰熊丘陵灵光拳甲,手部,法系输出
230,99549,秘星·王庭护手破阵,冰冠堡垒之手甲,手部,法系输出
230,99550,秘星·王庭护手无瑕,战争领主之拳甲,手部,法系输出
230,99551,晨祷·星纱冠冕洞察,影月谷星芒头饰,头部,治疗
230,99552,晨祷·星纱冠冕迅捷,太阳之井头冠,头部,治疗
230,99553,晨祷·星纱冠冕破阵,银月城头巾,头部,治疗
230,99554,晨祷·星纱冠冕无瑕,惊涛头巾,头部,治疗
230,99555,晨祷·星纱肩卫洞察,圣贤御风披肩,肩部,治疗
230,99556,晨祷·星纱肩卫迅捷,守望肩巾,肩部,治疗
230,99557,晨祷·星纱肩卫破阵,破军者肩巾,肩部,治疗
230,99558,晨祷·星纱肩卫无瑕,破晓之披肩,肩部,治疗
230,99559,晨祷·星纱法衣洞察,陨星·衣袍,胸部,治疗
230,99560,晨祷·星纱法衣迅捷,日蚀·外衣,胸部,治疗
230,99561,晨祷·星纱法衣破阵,仁心衣袍,胸部,治疗
230,99562,晨祷·星纱法衣无瑕,达拉然新月长袍,胸部,治疗
230,99563,晨祷·星纱束带洞察,复苏腰链,腰部,治疗
230,99564,晨祷·星纱束带迅捷,蓝龙军团降临腰带,腰部,治疗
230,99565,晨祷·星纱束带破阵,安戈洛之腰链,腰部,治疗
230,99566,晨祷·星纱束带无瑕,腐化·束腰,腰部,治疗
230,99567,晨祷·星纱腿卫洞察,仁心腿甲,腿部,治疗
230,99568,晨祷·星纱腿卫迅捷,诅咒之地无尽长裤,腿部,治疗
230,99569,晨祷·星纱腿卫破阵,纳克萨玛斯之长裤,腿部,治疗
230,99570,晨祷·星纱腿卫无瑕,自然之裤腿,腿部,治疗
230,99571,晨祷·星纱战靴洞察,沙塔斯长靴,脚部,治疗
230,99572,晨祷·星纱战靴迅捷,破军者裁断护足,脚部,治疗
230,99573,晨祷·星纱战靴破阵,寒冰皇冠足具,脚部,治疗
230,99574,晨祷·星纱战靴无瑕,血精灵魔导师之足具,脚部,治疗
230,99575,晨祷·星纱腕轮洞察,冻结护臂,腕部,治疗
230,99576,晨祷·星纱腕轮迅捷,暴风城之腕轮,腕部,治疗
230,99577,晨祷·星纱腕轮破阵,风暴·护臂,腕部,治疗
230,99578,晨祷·星纱腕轮无瑕,降临腕饰,腕部,治疗
230,99579,晨祷·星纱护手洞察,霜痕手饰,手部,治疗
230,99580,晨祷·星纱护手迅捷,祖达克护手,手部,治疗
230,99581,晨祷·星纱护手破阵,晨辉手饰,手部,治疗
230,99582,晨祷·星纱护手无瑕,荣光护手,手部,治疗
230,99583,晨祷·荒野冠冕洞察,时空之头盔,头部,治疗
230,99584,晨祷·荒野冠冕迅捷,战盔·生命,头部,治疗
230,99585,晨祷·荒野冠冕破阵,石爪山之头冠,头部,治疗
230,99586,晨祷·荒野冠冕无瑕,破军者面甲,头部,治疗
230,99587,晨祷·荒野肩卫洞察,暗影·肩甲,肩部,治疗
230,99588,晨祷·荒野肩卫迅捷,凛冽之披肩,肩部,治疗
230,99589,晨祷·荒野肩卫破阵,荣光之肩铠,肩部,治疗
230,99590,晨祷·荒野肩卫无瑕,镇岳肩卫,肩部,治疗
230,99591,晨祷·荒野法衣洞察,晶歌森林黎明胸甲,胸部,治疗
230,99592,晨祷·荒野法衣迅捷,哀嚎洞穴之护甲,胸部,治疗
230,99593,晨祷·荒野法衣破阵,燃烬者之护甲,胸部,治疗
230,99594,晨祷·荒野法衣无瑕,龙骨荒野之胸甲,胸部,治疗
230,99595,晨祷·荒野束带洞察,断空腰带,腰部,治疗
230,99596,晨祷·荒野束带迅捷,幽魂之地之战带,腰部,治疗
230,99597,晨祷·荒野束带破阵,地狱火半岛腰带,腰部,治疗
230,99598,晨祷·荒野束带无瑕,暮星临世腰甲,腰部,治疗
230,99599,晨祷·荒野腿卫洞察,巨魔祭司战裙,腿部,治疗
230,99600,晨祷·荒野腿卫迅捷,璀璨焚天护腿,腿部,治疗
230,99601,晨祷·荒野腿卫破阵,霜狼酋长镇岳护腿,腿部,治疗
230,99602,晨祷·荒野腿卫无瑕,织法者镇渊护腿,腿部,治疗
230,99603,晨祷·荒野战靴洞察,极光·足甲,脚部,治疗
230,99604,晨祷·荒野战靴迅捷,远征军足甲,脚部,治疗
230,99605,晨祷·荒野战靴破阵,驭雷战靴,脚部,治疗
230,99606,晨祷·荒野战靴无瑕,时空之踏靴,脚部,治疗
230,99607,晨祷·荒野腕轮洞察,黑翼之巢生长护腕,腕部,治疗
230,99608,晨祷·荒野腕轮迅捷,驭雷者护腕,腕部,治疗
230,99609,晨祷·荒野腕轮破阵,凋零之护腕,腕部,治疗
230,99610,晨祷·荒野腕轮无瑕,自然·腕铠,腕部,治疗
230,99611,晨祷·荒野护手洞察,诅咒之地拳甲,手部,治疗
230,99612,晨祷·荒野护手迅捷,圣光手套,手部,治疗
230,99613,晨祷·荒野护手破阵,冰封·护手,手部,治疗
230,99614,晨祷·荒野护手无瑕,手套·冰封,手部,治疗
230,99615,晨祷·雷纹冠冕洞察,裁断头冠,头部,治疗
230,99616,晨祷·雷纹冠冕迅捷,奥术·头冠,头部,治疗
230,99617,晨祷·雷纹冠冕破阵,达拉然头盔,头部,治疗
230,99618,晨祷·雷纹冠冕无瑕,御风者面甲,头部,治疗
230,99619,晨祷·雷纹肩卫洞察,织法者之肩卫,肩部,治疗
230,99620,晨祷·雷纹肩卫迅捷,烈焰肩甲,肩部,治疗
230,99621,晨祷·雷纹肩卫破阵,雷霆崖之披肩,肩部,治疗
230,99622,晨祷·雷纹肩卫无瑕,冬拥湖之肩铠,肩部,治疗
230,99623,晨祷·雷纹法衣洞察,泰坦监护者战衣,胸部,治疗
230,99624,晨祷·雷纹法衣迅捷,惊涛战衣,胸部,治疗
230,99625,晨祷·雷纹法衣破阵,御风者断空战衣,胸部,治疗
230,99626,晨祷·雷纹法衣无瑕,裂地战衣,胸部,治疗
230,99627,晨祷·雷纹束带洞察,风暴领主之扣带,腰部,治疗
230,99628,晨祷·雷纹束带迅捷,仁爱腰带,腰部,治疗
230,99629,晨祷·雷纹束带破阵,仁心战带,腰部,治疗
230,99630,晨祷·雷纹束带无瑕,寒霜之战带,腰部,治疗
230,99631,晨祷·雷纹腿卫洞察,腿铠·符文,腿部,治疗
230,99632,晨祷·雷纹腿卫迅捷,冻结腿甲,腿部,治疗
230,99633,晨祷·雷纹腿卫破阵,命运·护腿,腿部,治疗
230,99634,晨祷·雷纹腿卫无瑕,寒冰皇冠凋零战裙,腿部,治疗
230,99635,晨祷·雷纹战靴洞察,天穹惊涛踏靴,脚部,治疗
230,99636,晨祷·雷纹战靴迅捷,霸主之足甲,脚部,治疗
230,99637,晨祷·雷纹战靴破阵,战靴·月刃,脚部,治疗
230,99638,晨祷·雷纹战靴无瑕,源质镇海战靴,脚部,治疗
230,99639,晨祷·雷纹腕轮洞察,钢铁·护腕,腕部,治疗
230,99640,晨祷·雷纹腕轮迅捷,诅咒之地腕铠,腕部,治疗
230,99641,晨祷·雷纹腕轮破阵,嚎风峡湾之护腕,腕部,治疗
230,99642,晨祷·雷纹腕轮无瑕,缚霜者臂甲,腕部,治疗
230,99643,晨祷·雷纹护手洞察,断空护手,手部,治疗
230,99644,晨祷·雷纹护手迅捷,辉光护手,手部,治疗
230,99645,晨祷·雷纹护手破阵,熔火之心手甲,手部,治疗
230,99646,晨祷·雷纹护手无瑕,幽暗城大地拳甲,手部,治疗
230,99647,晨祷·王庭冠冕洞察,缚龙面甲,头部,治疗
230,99648,晨祷·王庭冠冕迅捷,安戈洛战盔,头部,治疗
230,99649,晨祷·王庭冠冕破阵,秩序之战盔,头部,治疗
230,99650,晨祷·王庭冠冕无瑕,泰坦监护者之面甲,头部,治疗
230,99651,晨祷·王庭肩卫洞察,肩甲·幽影,肩部,治疗
230,99652,晨祷·王庭肩卫迅捷,冲击肩铠,肩部,治疗
230,99653,晨祷·王庭肩卫破阵,青铜龙降世肩卫,肩部,治疗
230,99654,晨祷·王庭肩卫无瑕,圣光肩甲,肩部,治疗
230,99655,晨祷·王庭胸铠洞察,青铜龙之胸铠,胸部,治疗
230,99656,晨祷·王庭胸铠迅捷,破夜胸铠,胸部,治疗
230,99657,晨祷·王庭胸铠破阵,泰坦之胸甲,胸部,治疗
230,99658,晨祷·王庭胸铠无瑕,泰坦监护者护胸,胸部,治疗
230,99659,晨祷·王庭束带洞察,惊雷之腰甲,腰部,治疗
230,99660,晨祷·王庭束带迅捷,灰熊丘陵扣带,腰部,治疗
230,99661,晨祷·王庭束带破阵,星语者之腰铠,腰部,治疗
230,99662,晨祷·王庭束带无瑕,缚龙扣带,腰部,治疗
230,99663,晨祷·王庭腿卫洞察,永夜之腿甲,腿部,治疗
230,99664,晨祷·王庭腿卫迅捷,荣光临世护腿,腿部,治疗
230,99665,晨祷·王庭腿卫破阵,铸魂者之腿胄,腿部,治疗
230,99666,晨祷·王庭腿卫无瑕,奥术之腿铠,腿部,治疗
230,99667,晨祷·王庭战靴洞察,地狱火半岛踏靴,脚部,治疗
230,99668,晨祷·王庭战靴迅捷,泰坦破界踏靴,脚部,治疗
230,99669,晨祷·王庭战靴破阵,死亡骑士镇压护足,脚部,治疗
230,99670,晨祷·王庭战靴无瑕,足铠·山岳,脚部,治疗
230,99671,晨祷·王庭腕轮洞察,黑翼之巢风暴腕铠,腕部,治疗
230,99672,晨祷·王庭腕轮迅捷,奥杜尔腕铠,腕部,治疗
230,99673,晨祷·王庭腕轮破阵,雷霆·臂甲,腕部,治疗
230,99674,晨祷·王庭腕轮无瑕,峥嵘·腕铠,腕部,治疗
230,99675,晨祷·王庭护手洞察,晶歌森林之拳甲,手部,治疗
230,99676,晨祷·王庭护手迅捷,永恒之手甲,手部,治疗
230,99677,晨祷·王庭护手破阵,驭龙者拳甲,手部,治疗
230,99678,晨祷·王庭护手无瑕,裁决者之臂铠,手部,治疗
230,99679,流风·荒野冠冕洞察,战盔·亘古,头部,敏捷输出
230,99680,流风·荒野冠冕迅捷,寒霜之头盔,头部,敏捷输出
230,99681,流风·荒野冠冕破阵,群星守护头盔,头部,敏捷输出
230,99682,流风·荒野冠冕无瑕,穿云兜帽,头部,敏捷输出
230,99683,流风·荒野肩卫洞察,潜踪肩卫,肩部,敏捷输出
230,99684,流风·荒野肩卫迅捷,破军者肩卫,肩部,敏捷输出
230,99685,流风·荒野肩卫破阵,纳格兰披肩,肩部,敏捷输出
230,99686,流风·荒野肩卫无瑕,金曦净世肩甲,肩部,敏捷输出
230,99687,流风·荒野胸铠洞察,生命之护甲,胸部,敏捷输出
230,99688,流风·荒野胸铠迅捷,自然之护胸,胸部,敏捷输出
230,99689,流风·荒野胸铠破阵,通灵学院战衣,胸部,敏捷输出
230,99690,流风·荒野胸铠无瑕,先驱者临世护甲,胸部,敏捷输出
230,99691,流风·荒野束带洞察,疾影扣带,腰部,敏捷输出
230,99692,流风·荒野束带迅捷,虚空风暴山岳扣带,腰部,敏捷输出
230,99693,流风·荒野束带破阵,虚空风暴之扣带,腰部,敏捷输出
230,99694,流风·荒野束带无瑕,源质腰甲,腰部,敏捷输出
230,99695,流风·荒野腿卫洞察,镇魂使战裙,腿部,敏捷输出
230,99696,流风·荒野腿卫迅捷,祖尔法拉克大地腿甲,腿部,敏捷输出
230,99697,流风·荒野腿卫破阵,幽影之战裙,腿部,敏捷输出
230,99698,流风·荒野腿卫无瑕,冰冠堡垒蓝龙腿甲,腿部,敏捷输出
230,99699,流风·荒野战靴洞察,失落·踏靴,脚部,敏捷输出
230,99700,流风·荒野战靴迅捷,足甲·惊雷,脚部,敏捷输出
230,99701,流风·荒野战靴破阵,石爪山之战靴,脚部,敏捷输出
230,99702,流风·荒野战靴无瑕,精金之踏靴,脚部,敏捷输出
230,99703,流风·荒野腕轮洞察,沙塔斯之腕铠,腕部,敏捷输出
230,99704,流风·荒野腕轮迅捷,月刃焚烧腕铠,腕部,敏捷输出
230,99705,流风·荒野腕轮破阵,凛冬·腕铠,腕部,敏捷输出
230,99706,流风·荒野腕轮无瑕,凛冬之臂甲,腕部,敏捷输出
230,99707,流风·荒野护手洞察,潜行者手套,手部,敏捷输出
230,99708,流风·荒野护手迅捷,远征军护手,手部,敏捷输出
230,99709,流风·荒野护手破阵,夜幕护手,手部,敏捷输出
230,99710,流风·荒野护手无瑕,追猎手甲,手部,敏捷输出
230,99711,流风·雷纹冠冕洞察,血月守护头冠,头部,敏捷输出
230,99712,流风·雷纹冠冕迅捷,银色北伐军惊涛战盔,头部,敏捷输出
230,99713,流风·雷纹冠冕破阵,影月谷头盔,头部,敏捷输出
230,99714,流风·雷纹冠冕无瑕,苍白断岳头冠,头部,敏捷输出
230,99715,流风·雷纹肩卫洞察,焚天披肩,肩部,敏捷输出
230,99716,流风·雷纹肩卫迅捷,龙骨荒野肩铠,肩部,敏捷输出
230,99717,流风·雷纹肩卫破阵,焚天肩甲,肩部,敏捷输出
230,99718,流风·雷纹肩卫无瑕,天穹断空肩铠,肩部,敏捷输出
230,99719,流风·雷纹胸铠洞察,虚空风暴星环护胸,胸部,敏捷输出
230,99720,流风·雷纹胸铠迅捷,巨魔祭司断岳战衣,胸部,敏捷输出
230,99721,流风·雷纹胸铠破阵,轮回镇岳胸甲,胸部,敏捷输出
230,99722,流风·雷纹胸铠无瑕,龙骨之护甲,胸部,敏捷输出
230,99723,流风·雷纹束带洞察,扣带·星芒,腰部,敏捷输出
230,99724,流风·雷纹束带迅捷,利爪腰甲,腰部,敏捷输出
230,99725,流风·雷纹束带破阵,利爪战带,腰部,敏捷输出
230,99726,流风·雷纹束带无瑕,血精灵魔导师镇渊腰带,腰部,敏捷输出
230,99727,流风·雷纹腿卫洞察,秘法·腿甲,腿部,敏捷输出
230,99728,流风·雷纹腿卫迅捷,苍翠战裙,腿部,敏捷输出
230,99729,流风·雷纹腿卫破阵,苍翠冻结护腿,腿部,敏捷输出
230,99730,流风·雷纹腿卫无瑕,生命降世腿甲,腿部,敏捷输出
230,99731,流风·雷纹战靴洞察,裁断护足,脚部,敏捷输出
230,99732,流风·雷纹战靴迅捷,幽暗城护足,脚部,敏捷输出
230,99733,流风·雷纹战靴破阵,残月护足,脚部,敏捷输出
230,99734,流风·雷纹战靴无瑕,咒纹战靴,脚部,敏捷输出
230,99735,流风·雷纹腕轮洞察,天启·护腕,腕部,敏捷输出
230,99736,流风·雷纹腕轮迅捷,费伍德之护臂,腕部,敏捷输出
230,99737,流风·雷纹腕轮破阵,通灵学院苍翠腕铠,腕部,敏捷输出
230,99738,流风·雷纹腕轮无瑕,裁断腕铠,腕部,敏捷输出
230,99739,流风·雷纹护手洞察,巨魔祭司碎星手甲,手部,敏捷输出
230,99740,流风·雷纹护手迅捷,迅影护手,手部,敏捷输出
230,99741,流风·雷纹护手破阵,永夜手甲,手部,敏捷输出
230,99742,流风·雷纹护手无瑕,惊涛护手,手部,敏捷输出
230,99743,古铸·王庭冠冕洞察,降临战盔,头部,力量输出
230,99744,古铸·王庭冠冕迅捷,钢铁战盔,头部,力量输出
230,99745,古铸·王庭冠冕破阵,奥格瑞玛轮回面甲,头部,力量输出
230,99746,古铸·王庭冠冕无瑕,先驱者之面甲,头部,力量输出
230,99747,古铸·王庭肩卫洞察,御风者肩卫,肩部,力量输出
230,99748,古铸·王庭肩卫迅捷,驭龙者冻结肩甲,肩部,力量输出
230,99749,古铸·王庭肩卫破阵,祖尔法拉克之肩铠,肩部,力量输出
230,99750,古铸·王庭肩卫无瑕,霸主肩卫,肩部,力量输出
230,99751,古铸·王庭胸铠洞察,永夜之护胸,胸部,力量输出
230,99752,古铸·王庭胸铠迅捷,黑翼之巢之胸甲,胸部,力量输出
230,99753,古铸·王庭胸铠破阵,护胸·星陨,胸部,力量输出
230,99754,古铸·王庭胸铠无瑕,逐日者破云胸甲,胸部,力量输出
230,99755,古铸·王庭束带洞察,圣辉腰铠,腰部,力量输出
230,99756,古铸·王庭束带迅捷,凛冽·腰甲,腰部,力量输出
230,99757,古铸·王庭束带破阵,纳克萨玛斯之腰甲,腰部,力量输出
230,99758,古铸·王庭束带无瑕,奥杜尔太古扣带,腰部,力量输出
230,99759,古铸·王庭腿卫洞察,奥术腿铠,腿部,力量输出
230,99760,古铸·王庭腿卫迅捷,夜幕守护腿胄,腿部,力量输出
230,99761,古铸·王庭腿卫破阵,沙塔斯之护腿,腿部,力量输出
230,99762,古铸·王庭腿卫无瑕,符文驭天腿胄,腿部,力量输出
230,99763,古铸·王庭战靴洞察,暴风城战靴,脚部,力量输出
230,99764,古铸·王庭战靴迅捷,冰冠堡垒深渊足铠,脚部,力量输出
230,99765,古铸·王庭战靴破阵,断空踏靴,脚部,力量输出
230,99766,古铸·王庭战靴无瑕,霸主护足,脚部,力量输出
230,99767,古铸·王庭腕轮洞察,银月城之腕甲,腕部,力量输出
230,99768,古铸·王庭腕轮迅捷,凛冬臂甲,腕部,力量输出
230,99769,古铸·王庭腕轮破阵,织法者腕甲,腕部,力量输出
230,99770,古铸·王庭腕轮无瑕,蓝龙军团破天护臂,腕部,力量输出
230,99771,古铸·王庭护手洞察,驭雷拳甲,手部,力量输出
230,99772,古铸·王庭护手迅捷,翡翠·手甲,手部,力量输出
230,99773,古铸·王庭护手破阵,龙焰拳甲,手部,力量输出
230,99774,古铸·王庭护手无瑕,苍翠之手甲,手部,力量输出
230,99775,磐石·王庭冠冕洞察,血精灵魔导师之战盔,头部,坦克
230,99776,磐石·王庭冠冕迅捷,织法者之面甲,头部,坦克
230,99777,磐石·王庭冠冕破阵,岩心之战盔,头部,坦克
230,99778,磐石·王庭冠冕无瑕,龙骨破夜战盔,头部,坦克
230,99779,磐石·王庭肩卫洞察,先知御风肩铠,肩部,坦克
230,99780,磐石·王庭肩卫迅捷,守望者肩甲,肩部,坦克
230,99781,磐石·王庭肩卫破阵,黎明之肩胄,肩部,坦克
230,99782,磐石·王庭肩卫无瑕,璀璨·肩卫,肩部,坦克
230,99783,磐石·王庭胸铠洞察,陨星护胸,胸部,坦克
230,99784,磐石·王庭胸铠迅捷,回响护胸,胸部,坦克
230,99785,磐石·王庭胸铠破阵,镇魂使战衣,胸部,坦克
230,99786,磐石·王庭胸铠无瑕,暴风城雷霆护胸,胸部,坦克
230,99787,磐石·王庭束带洞察,太古·战带,腰部,坦克
230,99788,磐石·王庭束带迅捷,星陨冲击战带,腰部,坦克
230,99789,磐石·王庭束带破阵,秘法焚烧战带,腰部,坦克
230,99790,磐石·王庭束带无瑕,坚壁腰甲,腰部,坦克
230,99791,磐石·王庭腿卫洞察,龙鳞护腿,腿部,坦克
230,99792,磐石·王庭腿卫迅捷,风暴峭壁之护腿,腿部,坦克
230,99793,磐石·王庭腿卫破阵,唤潮者断岳腿胄,腿部,坦克
230,99794,磐石·王庭腿卫无瑕,唤星者之腿胄,腿部,坦克
230,99795,磐石·王庭战靴洞察,铸魂者穿云战靴,脚部,坦克
230,99796,磐石·王庭战靴迅捷,影月谷之护足,脚部,坦克
230,99797,磐石·王庭战靴破阵,石肤足铠,脚部,坦克
230,99798,磐石·王庭战靴无瑕,刀锋山之踏靴,脚部,坦克
230,99799,磐石·王庭腕轮洞察,诅咒之城之护臂,腕部,坦克
230,99800,磐石·王庭腕轮迅捷,先知腕甲,腕部,坦克
230,99801,磐石·王庭腕轮破阵,复苏·臂甲,腕部,坦克
230,99802,磐石·王庭腕轮无瑕,逐日者之腕甲,腕部,坦克
230,99803,磐石·王庭护手洞察,玄冰手甲,手部,坦克
230,99804,磐石·王庭护手迅捷,剃刀高地不朽手甲,手部,坦克
230,99805,磐石·王庭护手破阵,祖达克苍翠臂铠,手部,坦克
230,99806,磐石·王庭护手无瑕,圣贤之手甲,手部,坦克
230,99807,秘星·洞察坠饰,星云项链,颈部,法系输出
230,99808,秘星·迅捷坠饰,山岳之裂云,颈部,法系输出
230,99809,秘星·破阵坠饰,峥嵘链坠,颈部,法系输出
230,99810,秘星·无瑕坠饰,失落·临世,颈部,法系输出
230,99811,秘星·洞察指环,亘古·焚天,戒指,法系输出
230,99812,秘星·迅捷指环,奥杜尔的日蚀,戒指,法系输出
230,99813,秘星·破阵指环,青铜印戒,戒指,法系输出
230,99814,秘星·无瑕指环,战争领主之玺戒,戒指,法系输出
230,99815,秘星·远见指环,碎星印戒,戒指,法系输出
230,99816,秘星·坚毅指环,夜幕·碎星,戒指,法系输出
230,99817,秘星·洞察斗篷,神恩大氅,披风,法系输出
230,99818,秘星·迅捷斗篷,秘术披风,披风,法系输出
230,99819,秘星·破阵斗篷,秘术大氅,披风,法系输出
230,99820,秘星·无瑕斗篷,泰坦监护者之神祇,披风,法系输出
230,99821,古铸·洞察坠饰,幻光之项圈,颈部,力量输出
230,99822,古铸·迅捷坠饰,星界之裂云,颈部,力量输出
230,99823,古铸·破阵坠饰,圣光之断岳,颈部,力量输出
230,99824,古铸·无瑕坠饰,虚空项圈,颈部,力量输出
230,99825,古铸·洞察指环,轮回·降临,戒指,力量输出
230,99826,古铸·迅捷指环,自然玺戒,戒指,力量输出
230,99827,古铸·破阵指环,破晓者之圣辉,戒指,力量输出
230,99828,古铸·无瑕指环,辉煌·指环,戒指,力量输出
230,99829,古铸·远见指环,霜痕之驭天,戒指,力量输出
230,99830,古铸·坚毅指环,红龙之戒律,戒指,力量输出
230,99831,古铸·洞察斗篷,晶歌森林的星界,披风,力量输出
230,99832,古铸·迅捷斗篷,破晓者之披肩,披风,力量输出
230,99833,古铸·破阵斗篷,钢铁罩袍,披风,力量输出
230,99834,古铸·无瑕斗篷,幽影罩袍,披风,力量输出
230,99835,流风·洞察坠饰,苍白之断空,颈部,敏捷输出
230,99836,流风·迅捷坠饰,陨星之护符,颈部,敏捷输出
230,99837,流风·破阵坠饰,秘法之坠饰,颈部,敏捷输出
230,99838,流风·无瑕坠饰,月刃之守护,颈部,敏捷输出
230,99839,流风·洞察指环,生命·印戒,戒指,敏捷输出
230,99840,流风·迅捷指环,灰烬戒律,戒指,敏捷输出
230,99841,流风·破阵指环,驭天指环,戒指,敏捷输出
230,99842,流风·无瑕指环,青霜·戒律,戒指,敏捷输出
230,99843,流风·远见指环,灰烬之戒律,戒指,敏捷输出
230,99844,流风·坚毅指环,源质·临世,戒指,敏捷输出
230,99845,流风·洞察斗篷,星陨披肩,披风,敏捷输出
230,99846,流风·迅捷斗篷,赤霞·披肩,披风,敏捷输出
230,99847,流风·破阵斗篷,月刃斗篷,披风,敏捷输出
230,99848,流风·无瑕斗篷,晨星·斗篷,披风,敏捷输出
230,99849,晨祷·洞察坠饰,血精灵魔导师之圣辉,颈部,治疗
230,99850,晨祷·迅捷坠饰,冰冠堡垒的奥术,颈部,治疗
230,99851,晨祷·破阵坠饰,赤霞·项链,颈部,治疗
230,99852,晨祷·无瑕坠饰,暮光之驭雷,颈部,治疗
230,99853,晨祷·洞察指环,洪荒之之戒,戒指,治疗
230,99854,晨祷·迅捷指环,凛冬戒律,戒指,治疗
230,99855,晨祷·破阵指环,救赎戒指,戒指,治疗
230,99856,晨祷·无瑕指环,烈焰之玺戒,戒指,治疗
230,99857,晨祷·远见指环,龙骨之指环,戒指,治疗
230,99858,晨祷·坚毅指环,奥格瑞玛的荣光,戒指,治疗
230,99859,晨祷·洞察斗篷,黑锋骑士之披风,披风,治疗
230,99860,晨祷·迅捷斗篷,死亡骑士之幻影,披风,治疗
230,99861,晨祷·破阵斗篷,轰雷大氅,披风,治疗
230,99862,晨祷·无瑕斗篷,灰烬之驭天,披风,治疗
230,99863,磐石·洞察坠饰,万法王之链坠,颈部,坦克
230,99864,磐石·迅捷坠饰,镇压印记,颈部,坦克
230,99865,磐石·破阵坠饰,黎明·镇压,颈部,坦克
230,99866,磐石·无瑕坠饰,暗影·项圈,颈部,坦克
230,99867,磐石·洞察指环,纳克萨玛斯的暗影,戒指,坦克
230,99868,磐石·迅捷指环,龙骨戒律,戒指,坦克
230,99869,磐石·破阵指环,星环·降临,戒指,坦克
230,99870,磐石·无瑕指环,守护印戒,戒指,坦克
230,99871,磐石·远见指环,缚龙之戒,戒指,坦克
230,99872,磐石·坚毅指环,死亡骑士之霜裔,戒指,坦克
230,99873,磐石·洞察斗篷,苍穹斗篷,披风,坦克
230,99874,磐石·迅捷斗篷,魔铁披风,披风,坦克
230,99875,磐石·破阵斗篷,守望者之披风,披风,坦克
230,99876,磐石·无瑕斗篷,铁壁罩袍,披风,坦克
230,99877,秘星·洞察秘典,断岳魔典,副手物品,法系输出
230,99878,秘星·迅捷秘典,日蚀之裁断,副手物品,法系输出
230,99879,秘星·破阵秘典,玄铁之临世,副手物品,法系输出
230,99880,秘星·无瑕秘典,铁炉堡的血月,副手物品,法系输出
230,99881,晨祷·洞察秘典,神圣圣契,副手物品,治疗
230,99882,晨祷·迅捷秘典,源质之法球,副手物品,治疗
230,99883,晨祷·破阵秘典,星海之灯盏,副手物品,治疗
230,99884,晨祷·无瑕秘典,虚空风暴的大地,副手物品,治疗
230,99885,秘星·洞察壁盾,泰罗卡森林坚盾,盾牌,法系输出
230,99886,秘星·迅捷壁盾,黑暗神殿之护盾,盾牌,法系输出
230,99887,秘星·破阵壁盾,神恩之大盾,盾牌,法系输出
230,99888,秘星·无瑕壁盾,幻光壁垒,盾牌,法系输出
230,99889,晨祷·洞察壁盾,守护者纹章盾,盾牌,治疗
230,99890,晨祷·迅捷壁盾,霜狼酋长大盾,盾牌,治疗
230,99891,晨祷·破阵壁盾,镇岳纹章盾,盾牌,治疗
230,99892,晨祷·无瑕壁盾,圣光大盾,盾牌,治疗
230,99893,磐石·洞察壁盾,雷霆崖纹章盾,盾牌,坦克
230,99894,磐石·迅捷壁盾,龙鳞纹章盾,盾牌,坦克
230,99895,磐石·破阵壁盾,失落·盾牌,盾牌,坦克
230,99896,磐石·无瑕壁盾,静潮之塔盾,盾牌,坦克
230,99897,古铸·裂界战斧洞察,泰罗卡森林战斧,单手武器,力量输出
230,99898,古铸·裂界战斧迅捷,安其拉之手斧,单手武器,力量输出
230,99899,古铸·裂界战斧破阵,青铜碎星手斧,单手武器,力量输出
230,99900,流风·裂界战斧洞察,屠龙者短斧,单手武器,敏捷输出
230,99901,流风·裂界战斧迅捷,利爪手斧,单手武器,敏捷输出
230,99902,流风·裂界战斧破阵,血色修道院之战斧,单手武器,敏捷输出
230,99903,磐石·裂界战斧洞察,山岳手斧,单手武器,坦克
230,99904,磐石·裂界战斧迅捷,轮回之手斧,单手武器,坦克
230,99905,磐石·裂界战斧破阵,命轮手斧,单手武器,坦克
230,99906,古铸·断岳巨斧洞察,幽暗城之战斧,双手武器,力量输出
230,99907,古铸·断岳巨斧迅捷,泰坦监护者战斧,双手武器,力量输出
230,99908,古铸·断岳巨斧破阵,苍白战斧,双手武器,力量输出
230,99909,古铸·断岳巨斧无瑕,镇魂巨斧,双手武器,力量输出
230,99910,流风·群星长弓洞察,石爪山猎弓,弓,敏捷输出
230,99911,流风·群星长弓迅捷,恒金·弯弓,弓,敏捷输出
230,99912,流风·群星长弓破阵,符文大师弯弓,弓,敏捷输出
230,99913,流风·群星长弓无瑕,月刃猎弓,弓,敏捷输出
230,99914,流风·雷鸣火枪洞察,生长步枪,远程武器,敏捷输出
230,99915,流风·雷鸣火枪迅捷,轮回破界猎枪,远程武器,敏捷输出
230,99916,流风·雷鸣火枪破阵,疾影猎枪,远程武器,敏捷输出
230,99917,流风·雷鸣火枪无瑕,风暴领主之火枪,远程武器,敏捷输出
230,99918,古铸·裁决战锤洞察,夜幕之铁锤,主手武器,力量输出
230,99919,古铸·裁决战锤迅捷,纳格兰权杖,主手武器,力量输出
230,99920,古铸·裁决战锤破阵,仲裁者短锤,主手武器,力量输出
230,99921,磐石·裁决战锤洞察,陨星之战锤,主手武器,坦克
230,99922,磐石·裁决战锤迅捷,极光之短锤,主手武器,坦克
230,99923,磐石·裁决战锤破阵,玄铁·战锤,主手武器,坦克
230,99924,秘星·裁决战锤洞察,擎天钉锤,主手武器,法系输出
230,99925,秘星·裁决战锤迅捷,辉煌·战锤,主手武器,法系输出
230,99926,秘星·裁决战锤破阵,希利苏斯铁锤,主手武器,法系输出
230,99927,晨祷·裁决战锤洞察,战争领主权杖,主手武器,治疗
230,99928,晨祷·裁决战锤迅捷,虚空风暴之战锤,主手武器,治疗
230,99929,晨祷·裁决战锤破阵,奥格瑞玛之铁锤,主手武器,治疗
230,99930,古铸·泰坦重锤洞察,晨辉战锤,双手武器,力量输出
230,99931,古铸·泰坦重锤迅捷,炽焰驭天战锤,双手武器,力量输出
230,99932,古铸·泰坦重锤破阵,守护战锤,双手武器,力量输出
230,99933,古铸·泰坦重锤无瑕,陨星·巨锤,双手武器,力量输出
230,99934,古铸·破阵长戟洞察,霸主之长矛,双手武器,力量输出
230,99935,古铸·破阵长戟迅捷,璀璨战戟,双手武器,力量输出
230,99936,古铸·破阵长戟破阵,圣辉回响长枪,双手武器,力量输出
230,99937,流风·破阵长戟洞察,虚空·长枪,双手武器,敏捷输出
230,99938,流风·破阵长戟迅捷,灵光三叉戟,双手武器,敏捷输出
230,99939,流风·破阵长戟破阵,龙焰·战戟,双手武器,敏捷输出
230,99940,古铸·王权之刃洞察,守护者之军刀,主手武器,力量输出
230,99941,古铸·王权之刃迅捷,龙焰利剑,主手武器,力量输出
230,99942,古铸·王权之刃破阵,祖达克之佩剑,主手武器,力量输出
230,99943,磐石·王权之刃洞察,风暴峭壁之佩剑,主手武器,坦克
230,99944,磐石·王权之刃迅捷,涅槃之佩剑,主手武器,坦克
230,99945,磐石·王权之刃破阵,镇岳短剑,主手武器,坦克
230,99946,秘星·王权之刃洞察,星界佩剑,主手武器,法系输出
230,99947,秘星·王权之刃迅捷,月刃驭天军刀,主手武器,法系输出
230,99948,秘星·王权之刃破阵,冰冠堡垒之长剑,主手武器,法系输出
230,99949,流风·王权之刃洞察,镇世佩剑,主手武器,敏捷输出
230,99950,流风·王权之刃迅捷,虚空·短剑,主手武器,敏捷输出
230,99951,流风·王权之刃破阵,晨辉冻结军刀,主手武器,敏捷输出
230,99952,古铸·霜魂巨剑洞察,霸主之战刃,双手武器,力量输出
230,99953,古铸·霜魂巨剑迅捷,裂云大剑,双手武器,力量输出
230,99954,古铸·霜魂巨剑破阵,潜行者之阔剑,双手武器,力量输出
230,99955,古铸·霜魂巨剑无瑕,先驱者大剑,双手武器,力量输出
230,99956,秘星·苍穹法杖洞察,冰封净世手杖,双手武器,法系输出
230,99957,秘星·苍穹法杖迅捷,血月回响权杖,双手武器,法系输出
230,99958,秘星·苍穹法杖破阵,蓝龙法杖,双手武器,法系输出
230,99959,秘星·苍穹法杖无瑕,紫电神杖,双手武器,法系输出
230,99960,晨祷·苍穹法杖洞察,虚空·法杖,双手武器,治疗
230,99961,晨祷·苍穹法杖迅捷,血月之秘杖,双手武器,治疗
230,99962,晨祷·苍穹法杖破阵,镇渊神杖,双手武器,治疗
230,99963,晨祷·苍穹法杖无瑕,裁断手杖,双手武器,治疗
230,99964,流风·苍穹法杖洞察,破天法杖,双手武器,敏捷输出
230,99965,流风·苍穹法杖迅捷,月刃法杖,双手武器,敏捷输出
230,99966,流风·苍穹法杖破阵,烈焰镇世手杖,双手武器,敏捷输出
230,99967,流风·风暴拳刃洞察,安戈洛拳套,主手武器,敏捷输出
230,99968,流风·风暴拳刃迅捷,游侠将军利爪,主手武器,敏捷输出
230,99969,流风·风暴拳刃破阵,青铜龙拳套,主手武器,敏捷输出
230,99970,流风·风暴拳刃左契洞察,霜裔之利爪,副手武器,敏捷输出
230,99971,流风·风暴拳刃左契迅捷,冻结铁拳,副手武器,敏捷输出
230,99972,流风·风暴拳刃左契破阵,裂地拳套,副手武器,敏捷输出
230,99973,流风·暮影匕首洞察,幽影镇世尖刺,主手武器,敏捷输出
230,99974,流风·暮影匕首迅捷,精金破云匕首,主手武器,敏捷输出
230,99975,流风·暮影匕首破阵,纳克萨玛斯之短刃,主手武器,敏捷输出
230,99976,秘星·暮影匕首洞察,天轨之尖刺,主手武器,法系输出
230,99977,秘星·暮影匕首迅捷,裁决者之刺刀,主手武器,法系输出
230,99978,秘星·暮影匕首破阵,霜裔之匕首,主手武器,法系输出
230,99979,晨祷·暮影匕首洞察,黎明短刃,主手武器,治疗
230,99980,晨祷·暮影匕首迅捷,时空·刺刀,主手武器,治疗
230,99981,晨祷·暮影匕首破阵,苍白·尖刺,主手武器,治疗
230,99982,流风·暮影匕首左契洞察,仲裁者之匕首,副手武器,敏捷输出
230,99983,流风·暮影匕首左契迅捷,卡拉赞匕首,副手武器,敏捷输出
230,99984,流风·暮影匕首左契破阵,卡拉赞之短刃,副手武器,敏捷输出
230,99985,流风·回旋飞刃洞察,梦境断空飞斧,投掷武器,敏捷输出
230,99986,流风·回旋飞刃迅捷,太古净世标枪,投掷武器,敏捷输出
230,99987,流风·回旋飞刃破阵,守护者之投刃,投掷武器,敏捷输出
230,99988,流风·风行重弩洞察,达拉然弩炮,远程武器,敏捷输出
230,99989,流风·风行重弩迅捷,风暴领主之重弩,远程武器,敏捷输出
230,99990,流风·风行重弩破阵,苍翠照夜劲弩,远程武器,敏捷输出
230,99991,流风·风行重弩无瑕,混沌之劲弩,远程武器,敏捷输出
230,99992,秘星·星辉魔杖洞察,山岳法珠,远程武器,法系输出
230,99993,秘星·星辉魔杖迅捷,自然灵珠,远程武器,法系输出
230,99994,秘星·星辉魔杖破阵,永夜·灵珠,远程武器,法系输出
230,99995,秘星·星辉魔杖无瑕,铁炉堡魔杖,远程武器,法系输出
230,99996,晨祷·星辉魔杖洞察,圣殿骑士之魔杖,远程武器,治疗
230,99997,晨祷·星辉魔杖迅捷,镇岳魔杖,远程武器,治疗
230,99998,晨祷·星辉魔杖破阵,灰熊丘陵咒珠,远程武器,治疗
230,99999,晨祷·星辉魔杖无瑕,暮光审判官法珠,远程武器,治疗
240,100000,星界·星纱冠冕洞察,影月谷之头冠,头部,法系输出
240,100001,星界·星纱冠冕迅捷,纳克萨玛斯暗影头冠,头部,法系输出
240,100002,星界·星纱冠冕破阵,荣光·头巾,头部,法系输出
240,100003,星界·星纱冠冕无瑕,面罩·星海,头部,法系输出
240,100004,星界·星纱肩卫洞察,圣贤肩巾,肩部,法系输出
240,100005,星界·星纱肩卫迅捷,烈日之肩巾,肩部,法系输出
240,100006,星界·星纱肩卫破阵,战争领主之肩巾,肩部,法系输出
240,100007,星界·星纱肩卫无瑕,御风者披肩,肩部,法系输出
240,100008,星界·星纱法衣洞察,剃刀高地日蚀长袍,胸部,法系输出
240,100009,星界·星纱法衣迅捷,咒纹衣袍,胸部,法系输出
240,100010,星界·星纱法衣破阵,暴风城洪荒长袍,胸部,法系输出
240,100011,星界·星纱法衣无瑕,雷霆崖之外衣,胸部,法系输出
240,100012,星界·星纱束带洞察,群星·腰链,腰部,法系输出
240,100013,星界·星纱束带迅捷,符文大师镇渊腰链,腰部,法系输出
240,100014,星界·星纱束带破阵,圣贤束腰,腰部,法系输出
240,100015,星界·星纱束带无瑕,灰熊丘陵之束腰,腰部,法系输出
240,100016,星界·星纱腿卫洞察,风暴之腿甲,腿部,法系输出
240,100017,星界·星纱腿卫迅捷,驭雷者之裤腿,腿部,法系输出
240,100018,星界·星纱腿卫破阵,艾萨拉荣光腿甲,腿部,法系输出
240,100019,星界·星纱腿卫无瑕,寒冰皇冠腿甲,腿部,法系输出
240,100020,星界·星纱战靴洞察,紫电之长靴,脚部,法系输出
240,100021,星界·星纱战靴迅捷,裂地布靴,脚部,法系输出
240,100022,星界·星纱战靴破阵,辉煌长靴,脚部,法系输出
240,100023,星界·星纱战靴无瑕,地狱火半岛护足,脚部,法系输出
240,100024,星界·星纱腕轮洞察,幽暗城璀璨腕轮,腕部,法系输出
240,100025,星界·星纱腕轮迅捷,索拉查之护腕,腕部,法系输出
240,100026,星界·星纱腕轮破阵,炽焰·护臂,腕部,法系输出
240,100027,星界·星纱腕轮无瑕,余烬降临护腕,腕部,法系输出
240,100028,星界·星纱护手洞察,圣贤降临护手,手部,法系输出
240,100029,星界·星纱护手迅捷,铸魂者护手,手部,法系输出
240,100030,星界·星纱护手破阵,灼热护手,手部,法系输出
240,100031,星界·星纱护手无瑕,通灵学院手甲,手部,法系输出
240,100032,星界·荒野冠冕洞察,面甲·峥嵘,头部,法系输出
240,100033,星界·荒野冠冕迅捷,达拉然之头冠,头部,法系输出
240,100034,星界·荒野冠冕破阵,达拉然之面甲,头部,法系输出
240,100035,星界·荒野冠冕无瑕,泰坦监护者焚天头冠,头部,法系输出
240,100036,星界·荒野肩卫洞察,暴风城霜痕肩甲,肩部,法系输出
240,100037,星界·荒野肩卫迅捷,秘术肩铠,肩部,法系输出
240,100038,星界·荒野肩卫破阵,回响肩甲,肩部,法系输出
240,100039,星界·荒野肩卫无瑕,苍穹之肩卫,肩部,法系输出
240,100040,星界·荒野法衣洞察,游侠将军战衣,胸部,法系输出
240,100041,星界·荒野法衣迅捷,血精灵魔导师胸甲,胸部,法系输出
240,100042,星界·荒野法衣破阵,索拉查胸甲,胸部,法系输出
240,100043,星界·荒野法衣无瑕,游侠将军焚天胸甲,胸部,法系输出
240,100044,星界·荒野束带洞察,太古之扣带,腰部,法系输出
240,100045,星界·荒野束带迅捷,血精灵魔导师之腰甲,腰部,法系输出
240,100046,星界·荒野束带破阵,星轨·腰带,腰部,法系输出
240,100047,星界·荒野束带无瑕,血月御风腰带,腰部,法系输出
240,100048,星界·荒野腿卫洞察,腿铠·生长,腿部,法系输出
240,100049,星界·荒野腿卫迅捷,安戈洛之腿铠,腿部,法系输出
240,100050,星界·荒野腿卫破阵,源质破夜护腿,腿部,法系输出
240,100051,星界·荒野腿卫无瑕,祖达克腿铠,腿部,法系输出
240,100052,星界·荒野战靴洞察,踏靴·天火,脚部,法系输出
240,100053,星界·荒野战靴迅捷,潮汐之战靴,脚部,法系输出
240,100054,星界·荒野战靴破阵,幽暗城战靴,脚部,法系输出
240,100055,星界·荒野战靴无瑕,星陨足甲,脚部,法系输出
240,100056,星界·荒野腕轮洞察,命轮臂甲,腕部,法系输出
240,100057,星界·荒野腕轮迅捷,仲裁者之护臂,腕部,法系输出
240,100058,星界·荒野腕轮破阵,燃烬者护腕,腕部,法系输出
240,100059,星界·荒野腕轮无瑕,御风者守护护腕,腕部,法系输出
240,100060,星界·荒野护手洞察,织法者之手甲,手部,法系输出
240,100061,星界·荒野护手迅捷,血色修道院幻光拳甲,手部,法系输出
240,100062,星界·荒野护手破阵,银河碎星手甲,手部,法系输出
240,100063,星界·荒野护手无瑕,暮星之护手,手部,法系输出
240,100064,星界·雷纹冠冕洞察,大地·面甲,头部,法系输出
240,100065,星界·雷纹冠冕迅捷,源质头冠,头部,法系输出
240,100066,星界·雷纹冠冕破阵,巨魔祭司战盔,头部,法系输出
240,100067,星界·雷纹冠冕无瑕,断岳面甲,头部,法系输出
240,100068,星界·雷纹肩卫洞察,肩甲·钢铁,肩部,法系输出
240,100069,星界·雷纹肩卫迅捷,黑暗神殿玄铁肩铠,肩部,法系输出
240,100070,星界·雷纹肩卫破阵,秘银之披肩,肩部,法系输出
240,100071,星界·雷纹肩卫无瑕,奥杜尔之肩卫,肩部,法系输出
240,100072,星界·雷纹法衣洞察,红龙军团之胸甲,胸部,法系输出
240,100073,星界·雷纹法衣迅捷,虚空风暴护胸,胸部,法系输出
240,100074,星界·雷纹法衣破阵,熔火之心护胸,胸部,法系输出
240,100075,星界·雷纹法衣无瑕,霜狼酋长之战衣,胸部,法系输出
240,100076,星界·雷纹束带洞察,圣殿骑士腰甲,腰部,法系输出
240,100077,星界·雷纹束带迅捷,赞加沼泽腰甲,腰部,法系输出
240,100078,星界·雷纹束带破阵,安戈洛腰带,腰部,法系输出
240,100079,星界·雷纹束带无瑕,霸主裁断扣带,腰部,法系输出
240,100080,星界·雷纹腿卫洞察,青铜·腿铠,腿部,法系输出
240,100081,星界·雷纹腿卫迅捷,星轨之腿甲,腿部,法系输出
240,100082,星界·雷纹腿卫破阵,破晓之腿甲,腿部,法系输出
240,100083,星界·雷纹腿卫无瑕,天火腿甲,腿部,法系输出
240,100084,星界·雷纹战靴洞察,秩序·战靴,脚部,法系输出
240,100085,星界·雷纹战靴迅捷,青铜龙焚天足甲,脚部,法系输出
240,100086,星界·雷纹战靴破阵,足甲·雷霆,脚部,法系输出
240,100087,星界·雷纹战靴无瑕,青铜足甲,脚部,法系输出
240,100088,星界·雷纹腕轮洞察,荣光臂甲,腕部,法系输出
240,100089,星界·雷纹腕轮迅捷,极光·腕铠,腕部,法系输出
240,100090,星界·雷纹腕轮破阵,断空护腕,腕部,法系输出
240,100091,星界·雷纹腕轮无瑕,奥术腕铠,腕部,法系输出
240,100092,星界·雷纹护手洞察,符文·手甲,手部,法系输出
240,100093,星界·雷纹护手迅捷,混沌断岳护手,手部,法系输出
240,100094,星界·雷纹护手破阵,圣殿骑士拳甲,手部,法系输出
240,100095,星界·雷纹护手无瑕,手套·苍穹,手部,法系输出
240,100096,星界·王庭冠冕洞察,梦境镇海战盔,头部,法系输出
240,100097,星界·王庭冠冕迅捷,赞加沼泽面罩,头部,法系输出
240,100098,星界·王庭冠冕破阵,面甲·永夜,头部,法系输出
240,100099,星界·王庭冠冕无瑕,黑翼之巢之战盔,头部,法系输出
240,100100,星界·王庭肩卫洞察,肩胄·咒纹,肩部,法系输出
240,100101,星界·王庭肩卫迅捷,缚霜者镇海肩卫,肩部,法系输出
240,100102,星界·王庭肩卫破阵,秘法肩铠,肩部,法系输出
240,100103,星界·王庭肩卫无瑕,涅槃·肩胄,肩部,法系输出
240,100104,星界·王庭胸铠洞察,净世胸甲,胸部,法系输出
240,100105,星界·王庭胸铠迅捷,嚎风峡湾天火战衣,胸部,法系输出
240,100106,星界·王庭胸铠破阵,胸铠·凛冽,胸部,法系输出
240,100107,星界·王庭胸铠无瑕,星海·战衣,胸部,法系输出
240,100108,星界·王庭束带洞察,风暴之腰甲,腰部,法系输出
240,100109,星界·王庭束带迅捷,余烬·扣带,腰部,法系输出
240,100110,星界·王庭束带破阵,黑锋骑士御风战带,腰部,法系输出
240,100111,星界·王庭束带无瑕,奥义扣带,腰部,法系输出
240,100112,星界·王庭腿卫洞察,石爪山腿甲,腿部,法系输出
240,100113,星界·王庭腿卫迅捷,卡拉赞之护腿,腿部,法系输出
240,100114,星界·王庭腿卫破阵,奥术之护腿,腿部,法系输出
240,100115,星界·王庭腿卫无瑕,涅槃镇岳腿甲,腿部,法系输出
240,100116,星界·王庭战靴洞察,青铜镇岳足铠,脚部,法系输出
240,100117,星界·王庭战靴迅捷,地狱火半岛之战靴,脚部,法系输出
240,100118,星界·王庭战靴破阵,黑锋骑士断空战靴,脚部,法系输出
240,100119,星界·王庭战靴无瑕,蓝龙军团之战靴,脚部,法系输出
240,100120,星界·王庭腕轮洞察,纳格兰腕铠,腕部,法系输出
240,100121,星界·王庭腕轮迅捷,月刃护臂,腕部,法系输出
240,100122,星界·王庭腕轮破阵,虚空腕甲,腕部,法系输出
240,100123,星界·王庭腕轮无瑕,天火之腕甲,腕部,法系输出
240,100124,星界·王庭护手洞察,霜狼酋长之手甲,手部,法系输出
240,100125,星界·王庭护手迅捷,唤星者拳甲,手部,法系输出
240,100126,星界·王庭护手破阵,臂铠·山岳,手部,法系输出
240,100127,星界·王庭护手无瑕,奥杜尔玄铁护手,手部,法系输出
240,100128,圣愈·星纱冠冕洞察,救赎兜帽,头部,治疗
240,100129,圣愈·星纱冠冕迅捷,血色修道院之头饰,头部,治疗
240,100130,圣愈·星纱冠冕破阵,铁炉堡源质面罩,头部,治疗
240,100131,圣愈·星纱冠冕无瑕,镇海头冠,头部,治疗
240,100132,圣愈·星纱肩卫洞察,紫电·肩饰,肩部,治疗
240,100133,圣愈·星纱肩卫迅捷,巨魔祭司披肩,肩部,治疗
240,100134,圣愈·星纱肩卫破阵,不朽断岳披肩,肩部,治疗
240,100135,圣愈·星纱肩卫无瑕,夜幕之肩巾,肩部,治疗
240,100136,圣愈·星纱法衣洞察,青铜龙之法衣,胸部,治疗
240,100137,圣愈·星纱法衣迅捷,黑暗神殿衣袍,胸部,治疗
240,100138,圣愈·星纱法衣破阵,晶歌森林烈日法衣,胸部,治疗
240,100139,圣愈·星纱法衣无瑕,风暴峭壁长袍,胸部,治疗
240,100140,圣愈·星纱束带洞察,先驱者之腰链,腰部,治疗
240,100141,圣愈·星纱束带迅捷,黑翼之巢潮汐束腰,腰部,治疗
240,100142,圣愈·星纱束带破阵,腰链·圣光,腰部,治疗
240,100143,圣愈·星纱束带无瑕,陨星·束带,腰部,治疗
240,100144,圣愈·星纱腿卫洞察,纳格兰战裙,腿部,治疗
240,100145,圣愈·星纱腿卫迅捷,冻结裤腿,腿部,治疗
240,100146,圣愈·星纱腿卫破阵,铸魂者之裤腿,腿部,治疗
240,100147,圣愈·星纱腿卫无瑕,纳格兰天启腿甲,腿部,治疗
240,100148,圣愈·星纱战靴洞察,幽魂之地虚空长靴,脚部,治疗
240,100149,圣愈·星纱战靴迅捷,恒金守望布靴,脚部,治疗
240,100150,圣愈·星纱战靴破阵,破界布靴,脚部,治疗
240,100151,圣愈·星纱战靴无瑕,降临足具,脚部,治疗
240,100152,圣愈·星纱腕轮洞察,万法王之护腕,腕部,治疗
240,100153,圣愈·星纱腕轮迅捷,黎明·护臂,腕部,治疗
240,100154,圣愈·星纱腕轮破阵,先驱者冲击腕饰,腕部,治疗
240,100155,圣愈·星纱腕轮无瑕,龙骨荒野腕轮,腕部,治疗
240,100156,圣愈·星纱护手洞察,灰熊丘陵龙焰手甲,手部,治疗
240,100157,圣愈·星纱护手迅捷,执剑者手饰,手部,治疗
240,100158,圣愈·星纱护手破阵,苍穹·手甲,手部,治疗
240,100159,圣愈·星纱护手无瑕,破晓者之手饰,手部,治疗
240,100160,圣愈·荒野冠冕洞察,雷霆崖头盔,头部,治疗
240,100161,圣愈·荒野冠冕迅捷,断岳战盔,头部,治疗
240,100162,圣愈·荒野冠冕破阵,幽暗城头冠,头部,治疗
240,100163,圣愈·荒野冠冕无瑕,寒星焚烧战盔,头部,治疗
240,100164,圣愈·荒野肩卫洞察,披肩·永夜,肩部,治疗
240,100165,圣愈·荒野肩卫迅捷,驭雷者肩卫,肩部,治疗
240,100166,圣愈·荒野肩卫破阵,大地肩卫,肩部,治疗
240,100167,圣愈·荒野肩卫无瑕,紫电破天肩铠,肩部,治疗
240,100168,圣愈·荒野法衣洞察,亘古之护胸,胸部,治疗
240,100169,圣愈·荒野法衣迅捷,轮回之胸甲,胸部,治疗
240,100170,圣愈·荒野法衣破阵,生长战衣,胸部,治疗
240,100171,圣愈·荒野法衣无瑕,达拉然之战衣,胸部,治疗
240,100172,圣愈·荒野束带洞察,腰甲·日蚀,腰部,治疗
240,100173,圣愈·荒野束带迅捷,蓝龙军团之腰甲,腰部,治疗
240,100174,圣愈·荒野束带破阵,照夜战带,腰部,治疗
240,100175,圣愈·荒野束带无瑕,破军者之腰带,腰部,治疗
240,100176,圣愈·荒野腿卫洞察,苍穹护腿,腿部,治疗
240,100177,圣愈·荒野腿卫迅捷,灰熊丘陵之腿铠,腿部,治疗
240,100178,圣愈·荒野腿卫破阵,赤霞腿甲,腿部,治疗
240,100179,圣愈·荒野腿卫无瑕,幽暗城腿甲,腿部,治疗
240,100180,圣愈·荒野战靴洞察,风暴领主足甲,脚部,治疗
240,100181,圣愈·荒野战靴迅捷,足甲·静潮,脚部,治疗
240,100182,圣愈·荒野战靴破阵,夜幕之护足,脚部,治疗
240,100183,圣愈·荒野战靴无瑕,混沌之足甲,脚部,治疗
240,100184,圣愈·荒野腕轮洞察,泰坦监护者焚天护腕,腕部,治疗
240,100185,圣愈·荒野腕轮迅捷,魔铁臂甲,腕部,治疗
240,100186,圣愈·荒野腕轮破阵,永夜陨星护臂,腕部,治疗
240,100187,圣愈·荒野腕轮无瑕,纳克萨玛斯之腕铠,腕部,治疗
240,100188,圣愈·荒野护手洞察,仁心手甲,手部,治疗
240,100189,圣愈·荒野护手迅捷,冬拥湖惊雷手甲,手部,治疗
240,100190,圣愈·荒野护手破阵,燃烬者之手甲,手部,治疗
240,100191,圣愈·荒野护手无瑕,虚空之手套,手部,治疗
240,100192,圣愈·雷纹冠冕洞察,深渊之战盔,头部,治疗
240,100193,圣愈·雷纹冠冕迅捷,祖尔法拉克之兜帽,头部,治疗
240,100194,圣愈·雷纹冠冕破阵,亘古·头冠,头部,治疗
240,100195,圣愈·雷纹冠冕无瑕,破晓者驭天面甲,头部,治疗
240,100196,圣愈·雷纹肩卫洞察,神圣肩甲,肩部,治疗
240,100197,圣愈·雷纹肩卫迅捷,仁心肩卫,肩部,治疗
240,100198,圣愈·雷纹肩卫破阵,银月城月刃肩甲,肩部,治疗
240,100199,圣愈·雷纹肩卫无瑕,红龙肩铠,肩部,治疗
240,100200,圣愈·雷纹法衣洞察,圣光·护甲,胸部,治疗
240,100201,圣愈·雷纹法衣迅捷,幻光照夜护甲,胸部,治疗
240,100202,圣愈·雷纹法衣破阵,辉光胸甲,胸部,治疗
240,100203,圣愈·雷纹法衣无瑕,神圣胸甲,胸部,治疗
240,100204,圣愈·雷纹束带洞察,镇魂使之腰带,腰部,治疗
240,100205,圣愈·雷纹束带迅捷,赤霞之腰甲,腰部,治疗
240,100206,圣愈·雷纹束带破阵,寒冰皇冠源质腰带,腰部,治疗
240,100207,圣愈·雷纹束带无瑕,风暴·扣带,腰部,治疗
240,100208,圣愈·雷纹腿卫洞察,祖尔法拉克晨星腿甲,腿部,治疗
240,100209,圣愈·雷纹腿卫迅捷,祖尔格拉布之腿铠,腿部,治疗
240,100210,圣愈·雷纹腿卫破阵,潮汐·腿铠,腿部,治疗
240,100211,圣愈·雷纹腿卫无瑕,执剑者护腿,腿部,治疗
240,100212,圣愈·雷纹战靴洞察,奥妮克希亚秘法战靴,脚部,治疗
240,100213,圣愈·雷纹战靴迅捷,剃刀高地战靴,脚部,治疗
240,100214,圣愈·雷纹战靴破阵,万法王降世足甲,脚部,治疗
240,100215,圣愈·雷纹战靴无瑕,圣殿骑士破云踏靴,脚部,治疗
240,100216,圣愈·雷纹腕轮洞察,护臂·新月,腕部,治疗
240,100217,圣愈·雷纹腕轮迅捷,黑翼之巢紫电腕铠,腕部,治疗
240,100218,圣愈·雷纹腕轮破阵,苍穹王座寒霜护臂,腕部,治疗
240,100219,圣愈·雷纹腕轮无瑕,无尽·护臂,腕部,治疗
240,100220,圣愈·雷纹护手洞察,拳甲·天启,手部,治疗
240,100221,圣愈·雷纹护手迅捷,霸主之护手,手部,治疗
240,100222,圣愈·雷纹护手破阵,魔铁裁断护手,手部,治疗
240,100223,圣愈·雷纹护手无瑕,冬拥湖之手套,手部,治疗
240,100224,圣愈·王庭冠冕洞察,破晓者之面甲,头部,治疗
240,100225,圣愈·王庭冠冕迅捷,熔火之心之面甲,头部,治疗
240,100226,圣愈·王庭冠冕破阵,星语者降世面罩,头部,治疗
240,100227,圣愈·王庭冠冕无瑕,钢铁之面甲,头部,治疗
240,100228,圣愈·王庭肩卫洞察,裁断肩胄,肩部,治疗
240,100229,圣愈·王庭肩卫迅捷,永夜肩卫,肩部,治疗
240,100230,圣愈·王庭肩卫破阵,红龙军团穿云肩甲,肩部,治疗
240,100231,圣愈·王庭肩卫无瑕,晨辉之肩铠,肩部,治疗
240,100232,圣愈·王庭胸铠洞察,胸铠·山岳,胸部,治疗
240,100233,圣愈·王庭胸铠迅捷,仲裁者御风胸甲,胸部,治疗
240,100234,圣愈·王庭胸铠破阵,自然胸铠,胸部,治疗
240,100235,圣愈·王庭胸铠无瑕,死亡骑士驭天胸甲,胸部,治疗
240,100236,圣愈·王庭束带洞察,青铜破云腰铠,腰部,治疗
240,100237,圣愈·王庭束带迅捷,灰烬之战带,腰部,治疗
240,100238,圣愈·王庭束带破阵,咒纹腰铠,腰部,治疗
240,100239,圣愈·王庭束带无瑕,扣带·苍穹,腰部,治疗
240,100240,圣愈·王庭腿卫洞察,灰烬腿铠,腿部,治疗
240,100241,圣愈·王庭腿卫迅捷,血月腿胄,腿部,治疗
240,100242,圣愈·王庭腿卫破阵,凛冬腿铠,腿部,治疗
240,100243,圣愈·王庭腿卫无瑕,奥妮克希亚腿铠,腿部,治疗
240,100244,圣愈·王庭战靴洞察,辉光护足,脚部,治疗
240,100245,圣愈·王庭战靴迅捷,仁爱护足,脚部,治疗
240,100246,圣愈·王庭战靴破阵,救赎足铠,脚部,治疗
240,100247,圣愈·王庭战靴无瑕,冰冠堡垒之护足,脚部,治疗
240,100248,圣愈·王庭腕轮洞察,苍穹王座护臂,腕部,治疗
240,100249,圣愈·王庭腕轮迅捷,铸魂者穿云腕甲,腕部,治疗
240,100250,圣愈·王庭腕轮破阵,纳克萨玛斯臂甲,腕部,治疗
240,100251,圣愈·王庭腕轮无瑕,缚霜者护臂,腕部,治疗
240,100252,圣愈·王庭护手洞察,游侠将军冲击臂铠,手部,治疗
240,100253,圣愈·王庭护手迅捷,银色北伐军臂铠,手部,治疗
240,100254,圣愈·王庭护手破阵,星陨御风臂铠,手部,治疗
240,100255,圣愈·王庭护手无瑕,钢铁断岳臂铠,手部,治疗
240,100256,风行·荒野冠冕洞察,碎星头冠,头部,敏捷输出
240,100257,风行·荒野冠冕迅捷,追猎头盔,头部,敏捷输出
240,100258,风行·荒野冠冕破阵,雷霆崖之面甲,头部,敏捷输出
240,100259,风行·荒野冠冕无瑕,潮汐·兜帽,头部,敏捷输出
240,100260,风行·荒野肩卫洞察,生命之肩卫,肩部,敏捷输出
240,100261,风行·荒野肩卫迅捷,山岳·披肩,肩部,敏捷输出
240,100262,风行·荒野肩卫破阵,照夜肩铠,肩部,敏捷输出
240,100263,风行·荒野肩卫无瑕,肩卫·时空,肩部,敏捷输出
240,100264,风行·荒野胸铠洞察,混沌裂地护甲,胸部,敏捷输出
240,100265,风行·荒野胸铠迅捷,霸主之护胸,胸部,敏捷输出
240,100266,风行·荒野胸铠破阵,驭雷者破云护甲,胸部,敏捷输出
240,100267,风行·荒野胸铠无瑕,大地之战衣,胸部,敏捷输出
240,100268,风行·荒野束带洞察,潮汐扣带,腰部,敏捷输出
240,100269,风行·荒野束带迅捷,秘法腰带,腰部,敏捷输出
240,100270,风行·荒野束带破阵,驭雷者战带,腰部,敏捷输出
240,100271,风行·荒野束带无瑕,镇压战带,腰部,敏捷输出
240,100272,风行·荒野腿卫洞察,诅咒之地之战裙,腿部,敏捷输出
240,100273,风行·荒野腿卫迅捷,追猎战裙,腿部,敏捷输出
240,100274,风行·荒野腿卫破阵,裂地战裙,腿部,敏捷输出
240,100275,风行·荒野腿卫无瑕,迅影护腿,腿部,敏捷输出
240,100276,风行·荒野战靴洞察,希利苏斯护足,脚部,敏捷输出
240,100277,风行·荒野战靴迅捷,余烬之足甲,脚部,敏捷输出
240,100278,风行·荒野战靴破阵,黑暗神殿之战靴,脚部,敏捷输出
240,100279,风行·荒野战靴无瑕,寒冰皇冠之踏靴,脚部,敏捷输出
240,100280,风行·荒野腕轮洞察,洪荒·护臂,腕部,敏捷输出
240,100281,风行·荒野腕轮迅捷,青铜·护臂,腕部,敏捷输出
240,100282,风行·荒野腕轮破阵,唤星者照夜臂甲,腕部,敏捷输出
240,100283,风行·荒野腕轮无瑕,裂地臂甲,腕部,敏捷输出
240,100284,风行·荒野护手洞察,奥术·拳甲,手部,敏捷输出
240,100285,风行·荒野护手迅捷,驭龙者缚龙手甲,手部,敏捷输出
240,100286,风行·荒野护手破阵,破晓护手,手部,敏捷输出
240,100287,风行·荒野护手无瑕,御风手甲,手部,敏捷输出
240,100288,风行·雷纹冠冕洞察,暴风城之头冠,头部,敏捷输出
240,100289,风行·雷纹冠冕迅捷,远征军兜帽,头部,敏捷输出
240,100290,风行·雷纹冠冕破阵,兜帽·暮光,头部,敏捷输出
240,100291,风行·雷纹冠冕无瑕,镇魂使面甲,头部,敏捷输出
240,100292,风行·雷纹肩卫洞察,风暴峭壁之披肩,肩部,敏捷输出
240,100293,风行·雷纹肩卫迅捷,血色修道院梦境肩甲,肩部,敏捷输出
240,100294,风行·雷纹肩卫破阵,掠影肩铠,肩部,敏捷输出
240,100295,风行·雷纹肩卫无瑕,艾萨拉生命肩铠,肩部,敏捷输出
240,100296,风行·雷纹胸铠洞察,织法者之护胸,胸部,敏捷输出
240,100297,风行·雷纹胸铠迅捷,星芒之护胸,胸部,敏捷输出
240,100298,风行·雷纹胸铠破阵,安戈洛冰封战衣,胸部,敏捷输出
240,100299,风行·雷纹胸铠无瑕,矮人锻造师之护胸,胸部,敏捷输出
240,100300,风行·雷纹束带洞察,余烬扣带,腰部,敏捷输出
240,100301,风行·雷纹束带迅捷,蓝龙军团擎天扣带,腰部,敏捷输出
240,100302,风行·雷纹束带破阵,虚空风暴之腰甲,腰部,敏捷输出
240,100303,风行·雷纹束带无瑕,守望者镇世腰甲,腰部,敏捷输出
240,100304,风行·雷纹腿卫洞察,利爪护腿,腿部,敏捷输出
240,100305,风行·雷纹腿卫迅捷,暮星·腿甲,腿部,敏捷输出
240,100306,风行·雷纹腿卫破阵,血月战裙,腿部,敏捷输出
240,100307,风行·雷纹腿卫无瑕,暮光腿铠,腿部,敏捷输出
240,100308,风行·雷纹战靴洞察,护足·凛冬,脚部,敏捷输出
240,100309,风行·雷纹战靴迅捷,金曦焚烧足甲,脚部,敏捷输出
240,100310,风行·雷纹战靴破阵,足甲·荣光,脚部,敏捷输出
240,100311,风行·雷纹战靴无瑕,踏靴·奥术,脚部,敏捷输出
240,100312,风行·雷纹腕轮洞察,护腕·龙骨,腕部,敏捷输出
240,100313,风行·雷纹腕轮迅捷,索拉查臂甲,腕部,敏捷输出
240,100314,风行·雷纹腕轮破阵,星环护腕,腕部,敏捷输出
240,100315,风行·雷纹腕轮无瑕,时空臂甲,腕部,敏捷输出
240,100316,风行·雷纹护手洞察,燃烬者降世手套,手部,敏捷输出
240,100317,风行·雷纹护手迅捷,护手·天轨,手部,敏捷输出
240,100318,风行·雷纹护手破阵,银色北伐军之手套,手部,敏捷输出
240,100319,风行·雷纹护手无瑕,生长拳甲,手部,敏捷输出
240,100320,泰坦·王庭冠冕洞察,天轨之头冠,头部,力量输出
240,100321,泰坦·王庭冠冕迅捷,红龙之面甲,头部,力量输出
240,100322,泰坦·王庭冠冕破阵,战神面罩,头部,力量输出
240,100323,泰坦·王庭冠冕无瑕,达拉然生长面罩,头部,力量输出
240,100324,泰坦·王庭肩卫洞察,龙骨荒野恒金肩铠,肩部,力量输出
240,100325,泰坦·王庭肩卫迅捷,寒冰皇冠精金肩甲,肩部,力量输出
240,100326,泰坦·王庭肩卫破阵,恒金肩卫,肩部,力量输出
240,100327,泰坦·王庭肩卫无瑕,风暴峭壁肩胄,肩部,力量输出
240,100328,泰坦·王庭胸铠洞察,安其拉之胸铠,胸部,力量输出
240,100329,泰坦·王庭胸铠迅捷,哀嚎洞穴之战衣,胸部,力量输出
240,100330,泰坦·王庭胸铠破阵,屠龙者胸甲,胸部,力量输出
240,100331,泰坦·王庭胸铠无瑕,残月之胸铠,胸部,力量输出
240,100332,泰坦·王庭束带洞察,天穹之腰甲,腰部,力量输出
240,100333,泰坦·王庭束带迅捷,永夜·扣带,腰部,力量输出
240,100334,泰坦·王庭束带破阵,玄冰断岳扣带,腰部,力量输出
240,100335,泰坦·王庭束带无瑕,斯坦索姆霜痕腰甲,腰部,力量输出
240,100336,泰坦·王庭腿卫洞察,霸主护腿,腿部,力量输出
240,100337,泰坦·王庭腿卫迅捷,卡拉赞梦境护腿,腿部,力量输出
240,100338,泰坦·王庭腿卫破阵,地狱火半岛腿甲,腿部,力量输出
240,100339,泰坦·王庭腿卫无瑕,星海·腿铠,腿部,力量输出
240,100340,泰坦·王庭战靴洞察,虚空轰雷护足,脚部,力量输出
240,100341,泰坦·王庭战靴迅捷,战靴·奥术,脚部,力量输出
240,100342,泰坦·王庭战靴破阵,太阳之井之足铠,脚部,力量输出
240,100343,泰坦·王庭战靴无瑕,灰熊丘陵之踏靴,脚部,力量输出
240,100344,泰坦·王庭腕轮洞察,腕甲·圣光,腕部,力量输出
240,100345,泰坦·王庭腕轮迅捷,奥妮克希亚之腕甲,腕部,力量输出
240,100346,泰坦·王庭腕轮破阵,索拉查腕甲,腕部,力量输出
240,100347,泰坦·王庭腕轮无瑕,影月谷梦境腕铠,腕部,力量输出
240,100348,泰坦·王庭护手洞察,熔火之心之臂铠,手部,力量输出
240,100349,泰坦·王庭护手迅捷,红龙军团之臂铠,手部,力量输出
240,100350,泰坦·王庭护手破阵,生长破天护手,手部,力量输出
240,100351,泰坦·王庭护手无瑕,幽暗城星芒手甲,手部,力量输出
240,100352,壁垒·王庭冠冕洞察,太古之战盔,头部,坦克
240,100353,壁垒·王庭冠冕迅捷,巨魔祭司轰雷面甲,头部,坦克
240,100354,壁垒·王庭冠冕破阵,青霜面甲,头部,坦克
240,100355,壁垒·王庭冠冕无瑕,回响战盔,头部,坦克
240,100356,壁垒·王庭肩卫洞察,肩胄·腐化,肩部,坦克
240,100357,壁垒·王庭肩卫迅捷,永夜之肩胄,肩部,坦克
240,100358,壁垒·王庭肩卫破阵,紫电破界肩胄,肩部,坦克
240,100359,壁垒·王庭肩卫无瑕,红龙军团之肩胄,肩部,坦克
240,100360,壁垒·王庭胸铠洞察,余烬·胸铠,胸部,坦克
240,100361,壁垒·王庭胸铠迅捷,黎明之战衣,胸部,坦克
240,100362,壁垒·王庭胸铠破阵,燃烬者之战衣,胸部,坦克
240,100363,壁垒·王庭胸铠无瑕,胸铠·符文,胸部,坦克
240,100364,壁垒·王庭束带洞察,破夜扣带,腰部,坦克
240,100365,壁垒·王庭束带迅捷,祖达克之腰铠,腰部,坦克
240,100366,壁垒·王庭束带破阵,腰甲·蓝龙,腰部,坦克
240,100367,壁垒·王庭束带无瑕,蓝龙军团腰铠,腰部,坦克
240,100368,壁垒·王庭腿卫洞察,星轨碎星护腿,腿部,坦克
240,100369,壁垒·王庭腿卫迅捷,卡拉赞命轮护腿,腿部,坦克
240,100370,壁垒·王庭腿卫破阵,符文镇海腿胄,腿部,坦克
240,100371,壁垒·王庭腿卫无瑕,缚霜者缚龙腿胄,腿部,坦克
240,100372,壁垒·王庭战靴洞察,破军者护足,脚部,坦克
240,100373,壁垒·王庭战靴迅捷,净世战靴,脚部,坦克
240,100374,壁垒·王庭战靴破阵,精金守护足铠,脚部,坦克
240,100375,壁垒·王庭战靴无瑕,纳克萨玛斯之战靴,脚部,坦克
240,100376,壁垒·王庭腕轮洞察,暮光护臂,腕部,坦克
240,100377,壁垒·王庭腕轮迅捷,坚壁护臂,腕部,坦克
240,100378,壁垒·王庭腕轮破阵,坚壁臂甲,腕部,坦克
240,100379,壁垒·王庭腕轮无瑕,银辉断空臂甲,腕部,坦克
240,100380,壁垒·王庭护手洞察,征途之护手,手部,坦克
240,100381,壁垒·王庭护手迅捷,符文大师护手,手部,坦克
240,100382,壁垒·王庭护手破阵,冰冠堡垒拳甲,手部,坦克
240,100383,壁垒·王庭护手无瑕,符文之拳甲,手部,坦克
240,100384,星界·洞察坠饰,圣光之焚烧,颈部,法系输出
240,100385,星界·迅捷坠饰,蓝龙之守护,颈部,法系输出
240,100386,星界·破阵坠饰,陨星·链坠,颈部,法系输出
240,100387,星界·无瑕坠饰,御风项圈,颈部,法系输出
240,100388,星界·洞察指环,黑暗神殿的咒纹,戒指,法系输出
240,100389,星界·迅捷指环,腐化之断岳,戒指,法系输出
240,100390,星界·破阵指环,幻影玺戒,戒指,法系输出
240,100391,星界·无瑕指环,艾萨拉的夜幕,戒指,法系输出
240,100392,星界·远见指环,冲击指环,戒指,法系输出
240,100393,星界·坚毅指环,轮回·指环,戒指,法系输出
240,100394,星界·洞察斗篷,黑锋骑士之披肩,披风,法系输出
240,100395,星界·迅捷斗篷,天启之斗篷,披风,法系输出
240,100396,星界·破阵斗篷,天启·缚龙,披风,法系输出
240,100397,星界·无瑕斗篷,镇魂使之暮星,披风,法系输出
240,100398,泰坦·洞察坠饰,奥妮克希亚的紫电,颈部,力量输出
240,100399,泰坦·迅捷坠饰,泰坦之印记,颈部,力量输出
240,100400,泰坦·破阵坠饰,奥格瑞玛的翡翠,颈部,力量输出
240,100401,泰坦·无瑕坠饰,永夜的潮汐,颈部,力量输出
240,100402,泰坦·洞察指环,不朽·之戒,戒指,力量输出
240,100403,泰坦·迅捷指环,奥杜尔的新月,戒指,力量输出
240,100404,泰坦·破阵指环,希利苏斯的圣辉,戒指,力量输出
240,100405,泰坦·无瑕指环,岩心·裂地,戒指,力量输出
240,100406,泰坦·远见指环,秩序玺戒,戒指,力量输出
240,100407,泰坦·坚毅指环,玄铁之降世,戒指,力量输出
240,100408,泰坦·洞察斗篷,奥术之破夜,披风,力量输出
240,100409,泰坦·迅捷斗篷,晨辉之碎星,披风,力量输出
240,100410,泰坦·破阵斗篷,纳克萨玛斯的群星,披风,力量输出
240,100411,泰坦·无瑕斗篷,恒金之镇渊,披风,力量输出
240,100412,风行·洞察坠饰,夜幕·项链,颈部,敏捷输出
240,100413,风行·迅捷坠饰,混沌之裁断,颈部,敏捷输出
240,100414,风行·破阵坠饰,掠影项圈,颈部,敏捷输出
240,100415,风行·无瑕坠饰,森罗之破夜,颈部,敏捷输出
240,100416,风行·洞察指环,生命之戒,戒指,敏捷输出
240,100417,风行·迅捷指环,暗影戒律,戒指,敏捷输出
240,100418,风行·破阵指环,泰坦之指环,戒指,敏捷输出
240,100419,风行·无瑕指环,命轮之戒指,戒指,敏捷输出
240,100420,风行·远见指环,命轮之裁断,戒指,敏捷输出
240,100421,风行·坚毅指环,灵光·守望,戒指,敏捷输出
240,100422,风行·洞察斗篷,神祇之守望,披风,敏捷输出
240,100423,风行·迅捷斗篷,临世披风,披风,敏捷输出
240,100424,风行·破阵斗篷,潜踪大氅,披风,敏捷输出
240,100425,风行·无瑕斗篷,龙焰·裁断,披风,敏捷输出
240,100426,圣愈·洞察坠饰,源质链坠,颈部,治疗
240,100427,圣愈·迅捷坠饰,复苏护符,颈部,治疗
240,100428,圣愈·破阵坠饰,复苏项圈,颈部,治疗
240,100429,圣愈·无瑕坠饰,破军者之璀璨,颈部,治疗
240,100430,圣愈·洞察指环,圣贤之之戒,戒指,治疗
240,100431,圣愈·迅捷指环,辉光印戒,戒指,治疗
240,100432,圣愈·破阵指环,苍翠·轰雷,戒指,治疗
240,100433,圣愈·无瑕指环,缚霜者之恒金,戒指,治疗
240,100434,圣愈·远见指环,青铜玺戒,戒指,治疗
240,100435,圣愈·坚毅指环,星云·戒律,戒指,治疗
240,100436,圣愈·洞察斗篷,矮人锻造师之生长,披风,治疗
240,100437,圣愈·迅捷斗篷,夜幕·穿云,披风,治疗
240,100438,圣愈·破阵斗篷,炽焰之披肩,披风,治疗
240,100439,圣愈·无瑕斗篷,永恒·斗篷,披风,治疗
240,100440,壁垒·洞察坠饰,执剑者之天轨,颈部,坦克
240,100441,壁垒·迅捷坠饰,山脉坠饰,颈部,坦克
240,100442,壁垒·破阵坠饰,玄冰护符,颈部,坦克
240,100443,壁垒·无瑕坠饰,天火之轰雷,颈部,坦克
240,100444,壁垒·洞察指环,银月城的轮回,戒指,坦克
240,100445,壁垒·迅捷指环,亘古·戒律,戒指,坦克
240,100446,壁垒·破阵指环,自然之戒指,戒指,坦克
240,100447,壁垒·无瑕指环,时空印戒,戒指,坦克
240,100448,壁垒·远见指环,奥术戒指,戒指,坦克
240,100449,壁垒·坚毅指环,余烬·临世,戒指,坦克
240,100450,壁垒·洞察斗篷,幻光·披风,披风,坦克
240,100451,壁垒·迅捷斗篷,镇岳披肩,披风,坦克
240,100452,壁垒·破阵斗篷,远征军之风暴,披风,坦克
240,100453,壁垒·无瑕斗篷,星芒大氅,披风,坦克
240,100454,星界·洞察秘典,大领主之圣契,副手物品,法系输出
240,100455,星界·迅捷秘典,唤潮者之洪荒,副手物品,法系输出
240,100456,星界·破阵秘典,岩心之圣契,副手物品,法系输出
240,100457,星界·无瑕秘典,轮回·圣契,副手物品,法系输出
240,100458,圣愈·洞察秘典,晨辉宝珠,副手物品,治疗
240,100459,圣愈·迅捷秘典,铸魂者之圣典,副手物品,治疗
240,100460,圣愈·破阵秘典,屠龙者之静潮,副手物品,治疗
240,100461,圣愈·无瑕秘典,复苏法球,副手物品,治疗
240,100462,星界·洞察壁盾,织法者坚盾,盾牌,法系输出
240,100463,星界·迅捷壁盾,大领主盾牌,盾牌,法系输出
240,100464,星界·破阵壁盾,奥义塔盾,盾牌,法系输出
240,100465,星界·无瑕壁盾,梦境·坚盾,盾牌,法系输出
240,100466,圣愈·洞察壁盾,暮星大盾,盾牌,治疗
240,100467,圣愈·迅捷壁盾,苍翠盾牌,盾牌,治疗
240,100468,圣愈·破阵壁盾,冰冠堡垒之大盾,盾牌,治疗
240,100469,圣愈·无瑕壁盾,苍翠塔盾,盾牌,治疗
240,100470,壁垒·洞察壁盾,恒金之壁垒,盾牌,坦克
240,100471,壁垒·迅捷壁盾,潮汐·护盾,盾牌,坦克
240,100472,壁垒·破阵壁盾,剃刀高地之塔盾,盾牌,坦克
240,100473,壁垒·无瑕壁盾,永夜之壁垒,盾牌,坦克
240,100474,泰坦·裂界战斧洞察,精金之利斧,单手武器,力量输出
240,100475,泰坦·裂界战斧迅捷,艾萨拉之利斧,单手武器,力量输出
240,100476,泰坦·裂界战斧破阵,龙鳞·短斧,单手武器,力量输出
240,100477,风行·裂界战斧洞察,冰封·短斧,单手武器,敏捷输出
240,100478,风行·裂界战斧迅捷,自然·利斧,单手武器,敏捷输出
240,100479,风行·裂界战斧破阵,唤潮者之利斧,单手武器,敏捷输出
240,100480,壁垒·裂界战斧洞察,凛冬之利斧,单手武器,坦克
240,100481,壁垒·裂界战斧迅捷,破晓战斧,单手武器,坦克
240,100482,壁垒·裂界战斧破阵,新月断空战斧,单手武器,坦克
240,100483,泰坦·断岳巨斧洞察,仲裁者之重斧,双手武器,力量输出
240,100484,泰坦·断岳巨斧迅捷,无畏战斧,双手武器,力量输出
240,100485,泰坦·断岳巨斧破阵,红龙之战斧,双手武器,力量输出
240,100486,泰坦·断岳巨斧无瑕,魔铁破城斧,双手武器,力量输出
240,100487,风行·群星长弓洞察,铸魂者强弓,弓,敏捷输出
240,100488,风行·群星长弓迅捷,破晓者强弓,弓,敏捷输出
240,100489,风行·群星长弓破阵,破天战弓,弓,敏捷输出
240,100490,风行·群星长弓无瑕,降临强弓,弓,敏捷输出
240,100491,风行·雷鸣火枪洞察,潮汐破界火枪,远程武器,敏捷输出
240,100492,风行·雷鸣火枪迅捷,铸魂者步枪,远程武器,敏捷输出
240,100493,风行·雷鸣火枪破阵,追猎者之铳枪,远程武器,敏捷输出
240,100494,风行·雷鸣火枪无瑕,秩序之铳枪,远程武器,敏捷输出
240,100495,泰坦·裁决战锤洞察,守望钉锤,主手武器,力量输出
240,100496,泰坦·裁决战锤迅捷,钢铁权杖,主手武器,力量输出
240,100497,泰坦·裁决战锤破阵,织法者之钉锤,主手武器,力量输出
240,100498,壁垒·裁决战锤洞察,苍穹王座权杖,主手武器,坦克
240,100499,壁垒·裁决战锤迅捷,裂地钉锤,主手武器,坦克
240,100500,壁垒·裁决战锤破阵,破夜战锤,主手武器,坦克
240,100501,星界·裁决战锤洞察,灵能短锤,主手武器,法系输出
240,100502,星界·裁决战锤迅捷,烈焰之短锤,主手武器,法系输出
240,100503,星界·裁决战锤破阵,泰坦监护者权杖,主手武器,法系输出
240,100504,圣愈·裁决战锤洞察,冰封镇海战锤,主手武器,治疗
240,100505,圣愈·裁决战锤迅捷,凛冬短锤,主手武器,治疗
240,100506,圣愈·裁决战锤破阵,深渊裂云钉锤,主手武器,治疗
240,100507,泰坦·泰坦重锤洞察,符文镇压重锤,双手武器,力量输出
240,100508,泰坦·泰坦重锤迅捷,血色修道院战锤,双手武器,力量输出
240,100509,泰坦·泰坦重锤破阵,守望者破甲锤,双手武器,力量输出
240,100510,泰坦·泰坦重锤无瑕,大地之重锤,双手武器,力量输出
240,100511,泰坦·破阵长戟洞察,裂空长戟,双手武器,力量输出
240,100512,泰坦·破阵长戟迅捷,强攻战戟,双手武器,力量输出
240,100513,泰坦·破阵长戟破阵,奥格瑞玛三叉戟,双手武器,力量输出
240,100514,风行·破阵长戟洞察,烈日·长戟,双手武器,敏捷输出
240,100515,风行·破阵长戟迅捷,不朽长矛,双手武器,敏捷输出
240,100516,风行·破阵长戟破阵,岩心之三叉戟,双手武器,敏捷输出
240,100517,泰坦·王权之刃洞察,费伍德之利剑,主手武器,力量输出
240,100518,泰坦·王权之刃迅捷,破云佩剑,主手武器,力量输出
240,100519,泰坦·王权之刃破阵,唤星者佩剑,主手武器,力量输出
240,100520,壁垒·王权之刃洞察,蓝龙军团佩剑,主手武器,坦克
240,100521,壁垒·王权之刃迅捷,奥格瑞玛之利剑,主手武器,坦克
240,100522,壁垒·王权之刃破阵,诅咒之城之军刀,主手武器,坦克
240,100523,星界·王权之刃洞察,深渊利剑,主手武器,法系输出
240,100524,星界·王权之刃迅捷,逐日者之短剑,主手武器,法系输出
240,100525,星界·王权之刃破阵,命运·军刀,主手武器,法系输出
240,100526,风行·王权之刃洞察,逐风佩剑,主手武器,敏捷输出
240,100527,风行·王权之刃迅捷,追猎军刀,主手武器,敏捷输出
240,100528,风行·王权之刃破阵,苍白佩剑,主手武器,敏捷输出
240,100529,泰坦·霜魂巨剑洞察,血月·阔剑,双手武器,力量输出
240,100530,泰坦·霜魂巨剑迅捷,星海守护阔剑,双手武器,力量输出
240,100531,泰坦·霜魂巨剑破阵,银色北伐军之巨剑,双手武器,力量输出
240,100532,泰坦·霜魂巨剑无瑕,祖达克之阔剑,双手武器,力量输出
240,100533,星界·苍穹法杖洞察,寒冰皇冠权杖,双手武器,法系输出
240,100534,星界·苍穹法杖迅捷,铸魂者之手杖,双手武器,法系输出
240,100535,星界·苍穹法杖破阵,山岳守望权杖,双手武器,法系输出
240,100536,星界·苍穹法杖无瑕,死亡骑士之秘杖,双手武器,法系输出
240,100537,圣愈·苍穹法杖洞察,生命法杖,双手武器,治疗
240,100538,圣愈·苍穹法杖迅捷,血月冻结权杖,双手武器,治疗
240,100539,圣愈·苍穹法杖破阵,青铜·权杖,双手武器,治疗
240,100540,圣愈·苍穹法杖无瑕,先知权杖,双手武器,治疗
240,100541,风行·苍穹法杖洞察,铁炉堡之神杖,双手武器,敏捷输出
240,100542,风行·苍穹法杖迅捷,余烬之手杖,双手武器,敏捷输出
240,100543,风行·苍穹法杖破阵,夜幕秘杖,双手武器,敏捷输出
240,100544,风行·风暴拳刃洞察,天启缚龙铁拳,主手武器,敏捷输出
240,100545,风行·风暴拳刃迅捷,御风利爪,主手武器,敏捷输出
240,100546,风行·风暴拳刃破阵,风暴领主利爪,主手武器,敏捷输出
240,100547,风行·风暴拳刃左契洞察,余烬拳套,副手武器,敏捷输出
240,100548,风行·风暴拳刃左契迅捷,星陨镇渊拳刃,副手武器,敏捷输出
240,100549,风行·风暴拳刃左契破阵,峥嵘铁拳,副手武器,敏捷输出
240,100550,风行·暮影匕首洞察,暮光审判官尖刺,主手武器,敏捷输出
240,100551,风行·暮影匕首迅捷,缚霜者之刺刀,主手武器,敏捷输出
240,100552,风行·暮影匕首破阵,燃烬者尖刺,主手武器,敏捷输出
240,100553,星界·暮影匕首洞察,远征军之尖刺,主手武器,法系输出
240,100554,星界·暮影匕首迅捷,紫电短刃,主手武器,法系输出
240,100555,星界·暮影匕首破阵,寒霜短刃,主手武器,法系输出
240,100556,圣愈·暮影匕首洞察,万法王之短刃,主手武器,治疗
240,100557,圣愈·暮影匕首迅捷,秘银之利刃,主手武器,治疗
240,100558,圣愈·暮影匕首破阵,山岳尖刺,主手武器,治疗
240,100559,风行·暮影匕首左契洞察,掠影短刃,副手武器,敏捷输出
240,100560,风行·暮影匕首左契迅捷,刀锋山刺刀,副手武器,敏捷输出
240,100561,风行·暮影匕首左契破阵,星语者短刃,副手武器,敏捷输出
240,100562,风行·回旋飞刃洞察,黑暗神殿之标枪,投掷武器,敏捷输出
240,100563,风行·回旋飞刃迅捷,穿云标枪,投掷武器,敏捷输出
240,100564,风行·回旋飞刃破阵,森罗回响飞斧,投掷武器,敏捷输出
240,100565,风行·风行重弩洞察,镇渊重弩,远程武器,敏捷输出
240,100566,风行·风行重弩迅捷,守护弩炮,远程武器,敏捷输出
240,100567,风行·风行重弩破阵,霜痕·重弩,远程武器,敏捷输出
240,100568,风行·风行重弩无瑕,涅槃镇压重弩,远程武器,敏捷输出
240,100569,星界·星辉魔杖洞察,守望者之星珠,远程武器,法系输出
240,100570,星界·星辉魔杖迅捷,天启者之咒珠,远程武器,法系输出
240,100571,星界·星辉魔杖破阵,新月断空灵珠,远程武器,法系输出
240,100572,星界·星辉魔杖无瑕,紫电之咒珠,远程武器,法系输出
240,100573,圣愈·星辉魔杖洞察,冻结咒珠,远程武器,治疗
240,100574,圣愈·星辉魔杖迅捷,生命星珠,远程武器,治疗
240,100575,圣愈·星辉魔杖破阵,救赎灵珠,远程武器,治疗
240,100576,圣愈·星辉魔杖无瑕,寒冰皇冠法珠,远程武器,治疗
240,100577,猎影·泰坦重锤洞察,迅影巨锤,双手武器,猫德
240,100578,猎影·泰坦重锤迅捷,疾影重锤,双手武器,猫德
240,100579,猎影·破阵长戟洞察,屠龙者之长矛,双手武器,猫德
240,100580,猎影·破阵长戟迅捷,泰坦监护者长枪,双手武器,猫德
240,100581,猎影·破阵长戟破阵,疾影长矛,双手武器,猫德
240,100582,猎影·苍穹法杖洞察,生长降世秘杖,双手武器,猫德
240,100583,猎影·苍穹法杖迅捷,新月·手杖,双手武器,猫德
240,100584,猎影·苍穹法杖破阵,天火之秘杖,双手武器,猫德
240,100585,大地·泰坦重锤洞察,暮光之巨锤,双手武器,熊T
240,100586,大地·泰坦重锤迅捷,奥妮克希亚破甲锤,双手武器,熊T
240,100587,大地·破阵长戟洞察,烈焰之长矛,双手武器,熊T
240,100588,大地·破阵长戟迅捷,守护者之长枪,双手武器,熊T
240,100589,大地·破阵长戟破阵,星陨焚烧战戟,双手武器,熊T
240,100590,大地·苍穹法杖洞察,镇魂使之法杖,双手武器,熊T
240,100591,大地·苍穹法杖迅捷,失落·神杖,双手武器,熊T
240,100592,大地·苍穹法杖破阵,星海·神杖,双手武器,熊T
250,100593,寰宇·星纱冠冕洞察,嚎风峡湾静潮兜帽,头部,法系输出
250,100594,寰宇·星纱冠冕迅捷,寒霜惊涛兜帽,头部,法系输出
250,100595,寰宇·星纱冠冕破阵,凛冬兜帽,头部,法系输出
250,100596,寰宇·星纱冠冕无瑕,通灵学院头饰,头部,法系输出
250,100597,寰宇·星纱肩卫洞察,圣殿骑士之衬肩,肩部,法系输出
250,100598,寰宇·星纱肩卫迅捷,肩巾·星环,肩部,法系输出
250,100599,寰宇·星纱肩卫破阵,降世肩巾,肩部,法系输出
250,100600,寰宇·星纱肩卫无瑕,肩巾·神恩,肩部,法系输出
250,100601,寰宇·星纱法衣洞察,希利苏斯青铜法衣,胸部,法系输出
250,100602,寰宇·星纱法衣迅捷,时空·外衣,胸部,法系输出
250,100603,寰宇·星纱法衣破阵,神祇御风法衣,胸部,法系输出
250,100604,寰宇·星纱法衣无瑕,霜裔破天衣袍,胸部,法系输出
250,100605,寰宇·星纱束带洞察,哀嚎洞穴源质腰链,腰部,法系输出
250,100606,寰宇·星纱束带迅捷,暮星守望腰带,腰部,法系输出
250,100607,寰宇·星纱束带破阵,奥义腰链,腰部,法系输出
250,100608,寰宇·星纱束带无瑕,追猎者束带,腰部,法系输出
250,100609,寰宇·星纱腿卫洞察,咒术战裙,腿部,法系输出
250,100610,寰宇·星纱腿卫迅捷,时空之腿甲,腿部,法系输出
250,100611,寰宇·星纱腿卫破阵,破云长裤,腿部,法系输出
250,100612,寰宇·星纱腿卫无瑕,腿甲·炽焰,腿部,法系输出
250,100613,寰宇·星纱战靴洞察,幻光·护足,脚部,法系输出
250,100614,寰宇·星纱战靴迅捷,冲击布靴,脚部,法系输出
250,100615,寰宇·星纱战靴破阵,足具·恒金,脚部,法系输出
250,100616,寰宇·星纱战靴无瑕,泰坦监护者护足,脚部,法系输出
250,100617,寰宇·星纱腕轮洞察,护臂·星陨,腕部,法系输出
250,100618,寰宇·星纱腕轮迅捷,轮回之护腕,腕部,法系输出
250,100619,寰宇·星纱腕轮破阵,星界腕轮,腕部,法系输出
250,100620,寰宇·星纱腕轮无瑕,费伍德天轨护臂,腕部,法系输出
250,100621,寰宇·星纱护手洞察,手甲·星环,手部,法系输出
250,100622,寰宇·星纱护手迅捷,神祇之手甲,手部,法系输出
250,100623,寰宇·星纱护手破阵,黎明·手甲,手部,法系输出
250,100624,寰宇·星纱护手无瑕,奥妮克希亚之护手,手部,法系输出
250,100625,寰宇·荒野冠冕洞察,祖尔格拉布炽焰兜帽,头部,法系输出
250,100626,寰宇·荒野冠冕迅捷,照夜战盔,头部,法系输出
250,100627,寰宇·荒野冠冕破阵,风暴峭壁秩序兜帽,头部,法系输出
250,100628,寰宇·荒野冠冕无瑕,命轮·兜帽,头部,法系输出
250,100629,寰宇·荒野肩卫洞察,肩卫·星芒,肩部,法系输出
250,100630,寰宇·荒野肩卫迅捷,星语者驭雷肩卫,肩部,法系输出
250,100631,寰宇·荒野肩卫破阵,咒术肩卫,肩部,法系输出
250,100632,寰宇·荒野肩卫无瑕,幻影之肩甲,肩部,法系输出
250,100633,寰宇·荒野法衣洞察,剃刀高地之胸甲,胸部,法系输出
250,100634,寰宇·荒野法衣迅捷,洪荒裁断战衣,胸部,法系输出
250,100635,寰宇·荒野法衣破阵,山岳护甲,胸部,法系输出
250,100636,寰宇·荒野法衣无瑕,破晓者穿云护胸,胸部,法系输出
250,100637,寰宇·荒野束带洞察,灰熊丘陵之腰带,腰部,法系输出
250,100638,寰宇·荒野束带迅捷,咒术扣带,腰部,法系输出
250,100639,寰宇·荒野束带破阵,灰熊丘陵腰带,腰部,法系输出
250,100640,寰宇·荒野束带无瑕,奥术·腰带,腰部,法系输出
250,100641,寰宇·荒野腿卫洞察,洪荒护腿,腿部,法系输出
250,100642,寰宇·荒野腿卫迅捷,深渊腿铠,腿部,法系输出
250,100643,寰宇·荒野腿卫破阵,星界护腿,腿部,法系输出
250,100644,寰宇·荒野腿卫无瑕,织法者战裙,腿部,法系输出
250,100645,寰宇·荒野战靴洞察,镇海踏靴,脚部,法系输出
250,100646,寰宇·荒野战靴迅捷,破天足甲,脚部,法系输出
250,100647,寰宇·荒野战靴破阵,青霜护足,脚部,法系输出
250,100648,寰宇·荒野战靴无瑕,群星·踏靴,脚部,法系输出
250,100649,寰宇·荒野腕轮洞察,屠龙者护臂,腕部,法系输出
250,100650,寰宇·荒野腕轮迅捷,追猎者回响臂甲,腕部,法系输出
250,100651,寰宇·荒野腕轮破阵,泰坦监护者净世臂甲,腕部,法系输出
250,100652,寰宇·荒野腕轮无瑕,不朽·臂甲,腕部,法系输出
250,100653,寰宇·荒野护手洞察,命轮之护手,手部,法系输出
250,100654,寰宇·荒野护手迅捷,手套·星陨,手部,法系输出
250,100655,寰宇·荒野护手破阵,暮光审判官之护手,手部,法系输出
250,100656,寰宇·荒野护手无瑕,先驱者镇世手甲,手部,法系输出
250,100657,寰宇·雷纹冠冕洞察,唤潮者净世兜帽,头部,法系输出
250,100658,寰宇·雷纹冠冕迅捷,安其拉荣光头盔,头部,法系输出
250,100659,寰宇·雷纹冠冕破阵,源质之面甲,头部,法系输出
250,100660,寰宇·雷纹冠冕无瑕,霜痕·兜帽,头部,法系输出
250,100661,寰宇·雷纹肩卫洞察,冬泉谷幻光披肩,肩部,法系输出
250,100662,寰宇·雷纹肩卫迅捷,暗影降世肩铠,肩部,法系输出
250,100663,寰宇·雷纹肩卫破阵,黑暗神殿泰坦肩卫,肩部,法系输出
250,100664,寰宇·雷纹肩卫无瑕,苍翠·披肩,肩部,法系输出
250,100665,寰宇·雷纹法衣洞察,战衣·星海,胸部,法系输出
250,100666,寰宇·雷纹法衣迅捷,符文大师护胸,胸部,法系输出
250,100667,寰宇·雷纹法衣破阵,永夜残月战衣,胸部,法系输出
250,100668,寰宇·雷纹法衣无瑕,大领主护胸,胸部,法系输出
250,100669,寰宇·雷纹束带洞察,潜行者扣带,腰部,法系输出
250,100670,寰宇·雷纹束带迅捷,雷霆崖之腰甲,腰部,法系输出
250,100671,寰宇·雷纹束带破阵,魔能战带,腰部,法系输出
250,100672,寰宇·雷纹束带无瑕,净世腰甲,腰部,法系输出
250,100673,寰宇·雷纹腿卫洞察,铸魂者腿甲,腿部,法系输出
250,100674,寰宇·雷纹腿卫迅捷,失落·腿铠,腿部,法系输出
250,100675,寰宇·雷纹腿卫破阵,暮光腿甲,腿部,法系输出
250,100676,寰宇·雷纹腿卫无瑕,冬泉谷之战裙,腿部,法系输出
250,100677,寰宇·雷纹战靴洞察,灵能护足,脚部,法系输出
250,100678,寰宇·雷纹战靴迅捷,祖尔格拉布之护足,脚部,法系输出
250,100679,寰宇·雷纹战靴破阵,织法者之踏靴,脚部,法系输出
250,100680,寰宇·雷纹战靴无瑕,破云踏靴,脚部,法系输出
250,100681,寰宇·雷纹腕轮洞察,群星·臂甲,腕部,法系输出
250,100682,寰宇·雷纹腕轮迅捷,冲击臂甲,腕部,法系输出
250,100683,寰宇·雷纹腕轮破阵,嚎风峡湾腕铠,腕部,法系输出
250,100684,寰宇·雷纹腕轮无瑕,驭雷者冲击臂甲,腕部,法系输出
250,100685,寰宇·雷纹护手洞察,苍翠御风拳甲,手部,法系输出
250,100686,寰宇·雷纹护手迅捷,黑暗神殿之手套,手部,法系输出
250,100687,寰宇·雷纹护手破阵,幻光临世拳甲,手部,法系输出
250,100688,寰宇·雷纹护手无瑕,护手·深渊,手部,法系输出
250,100689,寰宇·王庭冠冕洞察,破晓·战盔,头部,法系输出
250,100690,寰宇·王庭冠冕迅捷,破云战盔,头部,法系输出
250,100691,寰宇·王庭冠冕破阵,巨魔祭司镇压头冠,头部,法系输出
250,100692,寰宇·王庭冠冕无瑕,希利苏斯极光面甲,头部,法系输出
250,100693,寰宇·王庭肩卫洞察,哀嚎洞穴肩胄,肩部,法系输出
250,100694,寰宇·王庭肩卫迅捷,星语者冻结肩胄,肩部,法系输出
250,100695,寰宇·王庭肩卫破阵,源质穿云肩卫,肩部,法系输出
250,100696,寰宇·王庭肩卫无瑕,肩甲·深渊,肩部,法系输出
250,100697,寰宇·王庭胸铠洞察,诅咒之地之胸铠,胸部,法系输出
250,100698,寰宇·王庭胸铠迅捷,群星·胸铠,胸部,法系输出
250,100699,寰宇·王庭胸铠破阵,灰熊丘陵星云战衣,胸部,法系输出
250,100700,寰宇·王庭胸铠无瑕,生命守护胸甲,胸部,法系输出
250,100701,寰宇·王庭束带洞察,幻光腰铠,腰部,法系输出
250,100702,寰宇·王庭束带迅捷,卡拉赞命运战带,腰部,法系输出
250,100703,寰宇·王庭束带破阵,暮光审判官裂地扣带,腰部,法系输出
250,100704,寰宇·王庭束带无瑕,追猎者腰铠,腰部,法系输出
250,100705,寰宇·王庭腿卫洞察,生长腿胄,腿部,法系输出
250,100706,寰宇·王庭腿卫迅捷,诅咒之城梦境腿铠,腿部,法系输出
250,100707,寰宇·王庭腿卫破阵,泰坦监护者腿甲,腿部,法系输出
250,100708,寰宇·王庭腿卫无瑕,索拉查腿铠,腿部,法系输出
250,100709,寰宇·王庭战靴洞察,冬泉谷紫电足铠,脚部,法系输出
250,100710,寰宇·王庭战靴迅捷,安其拉之护足,脚部,法系输出
250,100711,寰宇·王庭战靴破阵,潜行者之战靴,脚部,法系输出
250,100712,寰宇·王庭战靴无瑕,嚎风峡湾之踏靴,脚部,法系输出
250,100713,寰宇·王庭腕轮洞察,自然裁断腕甲,腕部,法系输出
250,100714,寰宇·王庭腕轮迅捷,幻光腕铠,腕部,法系输出
250,100715,寰宇·王庭腕轮破阵,雷霆崖之臂甲,腕部,法系输出
250,100716,寰宇·王庭腕轮无瑕,洪荒镇压腕铠,腕部,法系输出
250,100717,寰宇·王庭护手洞察,星语者擎天护手,手部,法系输出
250,100718,寰宇·王庭护手迅捷,潜行者之臂铠,手部,法系输出
250,100719,寰宇·王庭护手破阵,手甲·霜裔,手部,法系输出
250,100720,寰宇·王庭护手无瑕,幻光碎星拳甲,手部,法系输出
250,100721,圣辉·星纱冠冕洞察,苍翠·头巾,头部,治疗
250,100722,圣辉·星纱冠冕迅捷,红龙军团之头饰,头部,治疗
250,100723,圣辉·星纱冠冕破阵,庇护头饰,头部,治疗
250,100724,圣辉·星纱冠冕无瑕,万法王冻结面罩,头部,治疗
250,100725,圣辉·星纱肩卫洞察,冲击衬肩,肩部,治疗
250,100726,圣辉·星纱肩卫迅捷,亘古裂地肩巾,肩部,治疗
250,100727,圣辉·星纱肩卫破阵,战争领主镇压披肩,肩部,治疗
250,100728,圣辉·星纱肩卫无瑕,肩巾·暮光,肩部,治疗
250,100729,圣辉·星纱法衣洞察,镇世外衣,胸部,治疗
250,100730,圣辉·星纱法衣迅捷,庇护外衣,胸部,治疗
250,100731,圣辉·星纱法衣破阵,暮星之衣袍,胸部,治疗
250,100732,圣辉·星纱法衣无瑕,大领主之外衣,胸部,治疗
250,100733,圣辉·星纱束带洞察,冰封束腰,腰部,治疗
250,100734,圣辉·星纱束带迅捷,穿云束腰,腰部,治疗
250,100735,圣辉·星纱束带破阵,混沌之腰链,腰部,治疗
250,100736,圣辉·星纱束带无瑕,诅咒之城束带,腰部,治疗
250,100737,圣辉·星纱腿卫洞察,深渊长裤,腿部,治疗
250,100738,圣辉·星纱腿卫迅捷,长裤·暮光,腿部,治疗
250,100739,圣辉·星纱腿卫破阵,暮光降临长裤,腿部,治疗
250,100740,圣辉·星纱腿卫无瑕,幽暗城星云裤腿,腿部,治疗
250,100741,圣辉·星纱战靴洞察,银色北伐军之护足,脚部,治疗
250,100742,圣辉·星纱战靴迅捷,纯净足具,脚部,治疗
250,100743,圣辉·星纱战靴破阵,铸魂者之足具,脚部,治疗
250,100744,圣辉·星纱战靴无瑕,幻影之布靴,脚部,治疗
250,100745,圣辉·星纱腕轮洞察,希利苏斯奥术护臂,腕部,治疗
250,100746,圣辉·星纱腕轮迅捷,深渊护臂,腕部,治疗
250,100747,圣辉·星纱腕轮破阵,金曦护臂,腕部,治疗
250,100748,圣辉·星纱腕轮无瑕,银月城之护臂,腕部,治疗
250,100749,圣辉·星纱护手洞察,剃刀高地手饰,手部,治疗
250,100750,圣辉·星纱护手迅捷,驭雷者之手甲,手部,治疗
250,100751,圣辉·星纱护手破阵,屠龙者手套,手部,治疗
250,100752,圣辉·星纱护手无瑕,仲裁者之手套,手部,治疗
250,100753,圣辉·荒野冠冕洞察,泰坦·兜帽,头部,治疗
250,100754,圣辉·荒野冠冕迅捷,赞加沼泽之头冠,头部,治疗
250,100755,圣辉·荒野冠冕破阵,镇魂使临世面甲,头部,治疗
250,100756,圣辉·荒野冠冕无瑕,星轨面甲,头部,治疗
250,100757,圣辉·荒野肩卫洞察,日蚀·肩铠,肩部,治疗
250,100758,圣辉·荒野肩卫迅捷,秘法之肩铠,肩部,治疗
250,100759,圣辉·荒野肩卫破阵,血月·肩卫,肩部,治疗
250,100760,圣辉·荒野肩卫无瑕,圣贤披肩,肩部,治疗
250,100761,圣辉·荒野法衣洞察,银色北伐军护甲,胸部,治疗
250,100762,圣辉·荒野法衣迅捷,护胸·静潮,胸部,治疗
250,100763,圣辉·荒野法衣破阵,霸主之护甲,胸部,治疗
250,100764,圣辉·荒野法衣无瑕,血色修道院晨辉胸甲,胸部,治疗
250,100765,圣辉·荒野束带洞察,腰甲·霜痕,腰部,治疗
250,100766,圣辉·荒野束带迅捷,影月谷龙骨扣带,腰部,治疗
250,100767,圣辉·荒野束带破阵,冬拥湖亘古腰带,腰部,治疗
250,100768,圣辉·荒野束带无瑕,万法王扣带,腰部,治疗
250,100769,圣辉·荒野腿卫洞察,炽焰之战裙,腿部,治疗
250,100770,圣辉·荒野腿卫迅捷,祖尔格拉布之战裙,腿部,治疗
250,100771,圣辉·荒野腿卫破阵,复苏腿甲,腿部,治疗
250,100772,圣辉·荒野腿卫无瑕,腿铠·泰坦,腿部,治疗
250,100773,圣辉·荒野战靴洞察,踏靴·虚空,脚部,治疗
250,100774,圣辉·荒野战靴迅捷,余烬护足,脚部,治疗
250,100775,圣辉·荒野战靴破阵,蚀日足甲,脚部,治疗
250,100776,圣辉·荒野战靴无瑕,逐日者之护足,脚部,治疗
250,100777,圣辉·荒野腕轮洞察,命运·臂甲,腕部,治疗
250,100778,圣辉·荒野腕轮迅捷,镇世臂甲,腕部,治疗
250,100779,圣辉·荒野腕轮破阵,焚烧护腕,腕部,治疗
250,100780,圣辉·荒野腕轮无瑕,风暴峭壁护腕,腕部,治疗
250,100781,圣辉·荒野护手洞察,通灵学院拳甲,手部,治疗
250,100782,圣辉·荒野护手迅捷,裂地拳甲,手部,治疗
250,100783,圣辉·荒野护手破阵,燃烬者拳甲,手部,治疗
250,100784,圣辉·荒野护手无瑕,峥嵘镇世手套,手部,治疗
250,100785,圣辉·雷纹冠冕洞察,兜帽·赤焰,头部,治疗
250,100786,圣辉·雷纹冠冕迅捷,回春头盔,头部,治疗
250,100787,圣辉·雷纹冠冕破阵,救赎战盔,头部,治疗
250,100788,圣辉·雷纹冠冕无瑕,圣辉焚天战盔,头部,治疗
250,100789,圣辉·雷纹肩卫洞察,红龙冲击肩卫,肩部,治疗
250,100790,圣辉·雷纹肩卫迅捷,晶歌森林之肩铠,肩部,治疗
250,100791,圣辉·雷纹肩卫破阵,命运·肩铠,肩部,治疗
250,100792,圣辉·雷纹肩卫无瑕,刀锋山肩铠,肩部,治疗
250,100793,圣辉·雷纹法衣洞察,战衣·烈日,胸部,治疗
250,100794,圣辉·雷纹法衣迅捷,霜狼酋长破界战衣,胸部,治疗
250,100795,圣辉·雷纹法衣破阵,太古擎天胸甲,胸部,治疗
250,100796,圣辉·雷纹法衣无瑕,胸甲·洪荒,胸部,治疗
250,100797,圣辉·雷纹束带洞察,织法者扣带,腰部,治疗
250,100798,圣辉·雷纹束带迅捷,自然扣带,腰部,治疗
250,100799,圣辉·雷纹束带破阵,圣殿骑士之腰带,腰部,治疗
250,100800,圣辉·雷纹束带无瑕,净世扣带,腰部,治疗
250,100801,圣辉·雷纹腿卫洞察,铁炉堡之护腿,腿部,治疗
250,100802,圣辉·雷纹腿卫迅捷,镇魂使护腿,腿部,治疗
250,100803,圣辉·雷纹腿卫破阵,腿铠·星海,腿部,治疗
250,100804,圣辉·雷纹腿卫无瑕,青铜龙擎天战裙,腿部,治疗
250,100805,圣辉·雷纹战靴洞察,救赎踏靴,脚部,治疗
250,100806,圣辉·雷纹战靴迅捷,黑锋骑士守护战靴,脚部,治疗
250,100807,圣辉·雷纹战靴破阵,龙骨荒野战靴,脚部,治疗
250,100808,圣辉·雷纹战靴无瑕,唤星者断岳踏靴,脚部,治疗
250,100809,圣辉·雷纹腕轮洞察,血精灵魔导师裁断腕铠,腕部,治疗
250,100810,圣辉·雷纹腕轮迅捷,护腕·雷霆,腕部,治疗
250,100811,圣辉·雷纹腕轮破阵,惊涛腕铠,腕部,治疗
250,100812,圣辉·雷纹腕轮无瑕,日蚀臂甲,腕部,治疗
250,100813,圣辉·雷纹护手洞察,寒冰皇冠破晓手甲,手部,治疗
250,100814,圣辉·雷纹护手迅捷,晨辉手套,手部,治疗
250,100815,圣辉·雷纹护手破阵,临世护手,手部,治疗
250,100816,圣辉·雷纹护手无瑕,红龙军团之手甲,手部,治疗
250,100817,圣辉·王庭冠冕洞察,战盔·秘银,头部,治疗
250,100818,圣辉·王庭冠冕迅捷,黑翼之巢面罩,头部,治疗
250,100819,圣辉·王庭冠冕破阵,仁心面罩,头部,治疗
250,100820,圣辉·王庭冠冕无瑕,晶歌森林幻影头冠,头部,治疗
250,100821,圣辉·王庭肩卫洞察,雷霆·肩铠,肩部,治疗
250,100822,圣辉·王庭肩卫迅捷,青铜裂地肩甲,肩部,治疗
250,100823,圣辉·王庭肩卫破阵,极光·肩卫,肩部,治疗
250,100824,圣辉·王庭肩卫无瑕,远征军御风肩卫,肩部,治疗
250,100825,圣辉·王庭胸铠洞察,救赎胸铠,胸部,治疗
250,100826,圣辉·王庭胸铠迅捷,战衣·龙焰,胸部,治疗
250,100827,圣辉·王庭胸铠破阵,胸铠·精金,胸部,治疗
250,100828,圣辉·王庭胸铠无瑕,屠龙者之胸铠,胸部,治疗
250,100829,圣辉·王庭束带洞察,暗影·腰甲,腰部,治疗
250,100830,圣辉·王庭束带迅捷,命轮·腰铠,腰部,治疗
250,100831,圣辉·王庭束带破阵,海加尔山腰铠,腰部,治疗
250,100832,圣辉·王庭束带无瑕,洪荒腰甲,腰部,治疗
250,100833,圣辉·王庭腿卫洞察,幻影之腿胄,腿部,治疗
250,100834,圣辉·王庭腿卫迅捷,青铜龙腿甲,腿部,治疗
250,100835,圣辉·王庭腿卫破阵,征途冻结腿铠,腿部,治疗
250,100836,圣辉·王庭腿卫无瑕,海加尔山夜幕腿甲,腿部,治疗
250,100837,圣辉·王庭战靴洞察,复苏·护足,脚部,治疗
250,100838,圣辉·王庭战靴迅捷,魔铁踏靴,脚部,治疗
250,100839,圣辉·王庭战靴破阵,灵光碎星足铠,脚部,治疗
250,100840,圣辉·王庭战靴无瑕,幽魂之地之战靴,脚部,治疗
250,100841,圣辉·王庭腕轮洞察,石爪山赤焰腕甲,腕部,治疗
250,100842,圣辉·王庭腕轮迅捷,唤星者照夜腕甲,腕部,治疗
250,100843,圣辉·王庭腕轮破阵,苍白驭雷腕铠,腕部,治疗
250,100844,圣辉·王庭腕轮无瑕,风暴峭壁之腕甲,腕部,治疗
250,100845,圣辉·王庭护手洞察,峥嵘·拳甲,手部,治疗
250,100846,圣辉·王庭护手迅捷,祖尔法拉克之拳甲,手部,治疗
250,100847,圣辉·王庭护手破阵,凛冽手甲,手部,治疗
250,100848,圣辉·王庭护手无瑕,手甲·无尽,手部,治疗
250,100849,逐星·荒野冠冕洞察,玄铁·兜帽,头部,敏捷输出
250,100850,逐星·荒野冠冕迅捷,降世战盔,头部,敏捷输出
250,100851,逐星·荒野冠冕破阵,哀嚎洞穴头盔,头部,敏捷输出
250,100852,逐星·荒野冠冕无瑕,亘古·头盔,头部,敏捷输出
250,100853,逐星·荒野肩卫洞察,峥嵘之披肩,肩部,敏捷输出
250,100854,逐星·荒野肩卫迅捷,卡拉赞秘法肩卫,肩部,敏捷输出
250,100855,逐星·荒野肩卫破阵,唤星者镇岳肩卫,肩部,敏捷输出
250,100856,逐星·荒野肩卫无瑕,镇魂使裂云肩卫,肩部,敏捷输出
250,100857,逐星·荒野胸铠洞察,永夜星云胸甲,胸部,敏捷输出
250,100858,逐星·荒野胸铠迅捷,护胸·生命,胸部,敏捷输出
250,100859,逐星·荒野胸铠破阵,霸主护胸,胸部,敏捷输出
250,100860,逐星·荒野胸铠无瑕,天启破天胸甲,胸部,敏捷输出
250,100861,逐星·荒野束带洞察,远征军镇渊腰带,腰部,敏捷输出
250,100862,逐星·荒野束带迅捷,烈焰腰带,腰部,敏捷输出
250,100863,逐星·荒野束带破阵,凛冬·腰带,腰部,敏捷输出
250,100864,逐星·荒野束带无瑕,红龙之腰甲,腰部,敏捷输出
250,100865,逐星·荒野腿卫洞察,星轨战裙,腿部,敏捷输出
250,100866,逐星·荒野腿卫迅捷,黎明裁断腿甲,腿部,敏捷输出
250,100867,逐星·荒野腿卫破阵,斯坦索姆腿铠,腿部,敏捷输出
250,100868,逐星·荒野腿卫无瑕,雷霆崖梦境腿铠,腿部,敏捷输出
250,100869,逐星·荒野战靴洞察,圣辉之足甲,脚部,敏捷输出
250,100870,逐星·荒野战靴迅捷,黑翼之巢星轨战靴,脚部,敏捷输出
250,100871,逐星·荒野战靴破阵,死亡骑士之踏靴,脚部,敏捷输出
250,100872,逐星·荒野战靴无瑕,峥嵘破夜踏靴,脚部,敏捷输出
250,100873,逐星·荒野腕轮洞察,凛冬·护臂,腕部,敏捷输出
250,100874,逐星·荒野腕轮迅捷,凛冽之护腕,腕部,敏捷输出
250,100875,逐星·荒野腕轮破阵,追猎臂甲,腕部,敏捷输出
250,100876,逐星·荒野腕轮无瑕,洪荒护臂,腕部,敏捷输出
250,100877,逐星·荒野护手洞察,手套·灰烬,手部,敏捷输出
250,100878,逐星·荒野护手迅捷,镇岳手套,手部,敏捷输出
250,100879,逐星·荒野护手破阵,星语者拳甲,手部,敏捷输出
250,100880,逐星·荒野护手无瑕,翡翠驭天拳甲,手部,敏捷输出
250,100881,逐星·雷纹冠冕洞察,生长降世战盔,头部,敏捷输出
250,100882,逐星·雷纹冠冕迅捷,艾萨拉之头冠,头部,敏捷输出
250,100883,逐星·雷纹冠冕破阵,兜帽·余烬,头部,敏捷输出
250,100884,逐星·雷纹冠冕无瑕,掠影兜帽,头部,敏捷输出
250,100885,逐星·雷纹肩卫洞察,涅槃之肩卫,肩部,敏捷输出
250,100886,逐星·雷纹肩卫迅捷,破军者肩甲,肩部,敏捷输出
250,100887,逐星·雷纹肩卫破阵,魔铁肩铠,肩部,敏捷输出
250,100888,逐星·雷纹肩卫无瑕,海加尔山之肩甲,肩部,敏捷输出
250,100889,逐星·雷纹胸铠洞察,万法王之护胸,胸部,敏捷输出
250,100890,逐星·雷纹胸铠迅捷,天火·胸甲,胸部,敏捷输出
250,100891,逐星·雷纹胸铠破阵,风暴峭壁护胸,胸部,敏捷输出
250,100892,逐星·雷纹胸铠无瑕,圣光破界胸甲,胸部,敏捷输出
250,100893,逐星·雷纹束带洞察,通灵学院之扣带,腰部,敏捷输出
250,100894,逐星·雷纹束带迅捷,秩序惊涛腰甲,腰部,敏捷输出
250,100895,逐星·雷纹束带破阵,斯坦索姆之战带,腰部,敏捷输出
250,100896,逐星·雷纹束带无瑕,破夜腰甲,腰部,敏捷输出
250,100897,逐星·雷纹腿卫洞察,游侠将军腿铠,腿部,敏捷输出
250,100898,逐星·雷纹腿卫迅捷,腿铠·魔铁,腿部,敏捷输出
250,100899,逐星·雷纹腿卫破阵,圣贤护腿,腿部,敏捷输出
250,100900,逐星·雷纹腿卫无瑕,达拉然护腿,腿部,敏捷输出
250,100901,逐星·雷纹战靴洞察,破军者轰雷足甲,脚部,敏捷输出
250,100902,逐星·雷纹战靴迅捷,梦境护足,脚部,敏捷输出
250,100903,逐星·雷纹战靴破阵,剃刀高地之足甲,脚部,敏捷输出
250,100904,逐星·雷纹战靴无瑕,铁炉堡踏靴,脚部,敏捷输出
250,100905,逐星·雷纹腕轮洞察,精金守望护臂,腕部,敏捷输出
250,100906,逐星·雷纹腕轮迅捷,苍翠之臂甲,腕部,敏捷输出
250,100907,逐星·雷纹腕轮破阵,迅影护臂,腕部,敏捷输出
250,100908,逐星·雷纹腕轮无瑕,裁决者护腕,腕部,敏捷输出
250,100909,逐星·雷纹护手洞察,银色北伐军之护手,手部,敏捷输出
250,100910,逐星·雷纹护手迅捷,利爪手甲,手部,敏捷输出
250,100911,逐星·雷纹护手破阵,圣殿骑士缚龙手套,手部,敏捷输出
250,100912,逐星·雷纹护手无瑕,追猎者之手甲,手部,敏捷输出
250,100913,神铸·王庭冠冕洞察,风暴头冠,头部,力量输出
250,100914,神铸·王庭冠冕迅捷,破阵面罩,头部,力量输出
250,100915,神铸·王庭冠冕破阵,战盔·蓝龙,头部,力量输出
250,100916,神铸·王庭冠冕无瑕,破晓断岳战盔,头部,力量输出
250,100917,神铸·王庭肩卫洞察,肩卫·雷霆,肩部,力量输出
250,100918,神铸·王庭肩卫迅捷,战争领主肩卫,肩部,力量输出
250,100919,神铸·王庭肩卫破阵,神祇·肩甲,肩部,力量输出
250,100920,神铸·王庭肩卫无瑕,银河回响肩甲,肩部,力量输出
250,100921,神铸·王庭胸铠洞察,圣光·胸铠,胸部,力量输出
250,100922,神铸·王庭胸铠迅捷,奥妮克希亚之胸甲,胸部,力量输出
250,100923,神铸·王庭胸铠破阵,血战护胸,胸部,力量输出
250,100924,神铸·王庭胸铠无瑕,奥格瑞玛惊雷胸铠,胸部,力量输出
250,100925,神铸·王庭束带洞察,银色北伐军扣带,腰部,力量输出
250,100926,神铸·王庭束带迅捷,唤潮者之扣带,腰部,力量输出
250,100927,神铸·王庭束带破阵,秘法回响腰铠,腰部,力量输出
250,100928,神铸·王庭束带无瑕,星陨扣带,腰部,力量输出
250,100929,神铸·王庭腿卫洞察,天启者断岳护腿,腿部,力量输出
250,100930,神铸·王庭腿卫迅捷,冬泉谷天轨腿甲,腿部,力量输出
250,100931,神铸·王庭腿卫破阵,护腿·赤霞,腿部,力量输出
250,100932,神铸·王庭腿卫无瑕,沙塔斯圣光腿甲,腿部,力量输出
250,100933,神铸·王庭战靴洞察,风暴峭壁岩心足铠,脚部,力量输出
250,100934,神铸·王庭战靴迅捷,涅槃战靴,脚部,力量输出
250,100935,神铸·王庭战靴破阵,无尽战靴,脚部,力量输出
250,100936,神铸·王庭战靴无瑕,冰封之护足,脚部,力量输出
250,100937,神铸·王庭腕轮洞察,凛冽臂甲,腕部,力量输出
250,100938,神铸·王庭腕轮迅捷,烈焰·臂甲,腕部,力量输出
250,100939,神铸·王庭腕轮破阵,新月之腕铠,腕部,力量输出
250,100940,神铸·王庭腕轮无瑕,银月城腐化腕铠,腕部,力量输出
250,100941,神铸·王庭护手洞察,炽焰·护手,手部,力量输出
250,100942,神铸·王庭护手迅捷,降世拳甲,手部,力量输出
250,100943,神铸·王庭护手破阵,强攻手甲,手部,力量输出
250,100944,神铸·王庭护手无瑕,净世护手,手部,力量输出
250,100945,永固·王庭冠冕洞察,不灭面罩,头部,坦克
250,100946,永固·王庭冠冕迅捷,临世战盔,头部,坦克
250,100947,永固·王庭冠冕破阵,冬拥湖之面甲,头部,坦克
250,100948,永固·王庭冠冕无瑕,星语者面甲,头部,坦克
250,100949,永固·王庭肩卫洞察,潮汐之肩甲,肩部,坦克
250,100950,永固·王庭肩卫迅捷,大领主肩卫,肩部,坦克
250,100951,永固·王庭肩卫破阵,先驱者之肩胄,肩部,坦克
250,100952,永固·王庭肩卫无瑕,风暴领主照夜肩铠,肩部,坦克
250,100953,永固·王庭胸铠洞察,泰罗卡森林之战衣,胸部,坦克
250,100954,永固·王庭胸铠迅捷,红龙军团之护胸,胸部,坦克
250,100955,永固·王庭胸铠破阵,胸甲·惊雷,胸部,坦克
250,100956,永固·王庭胸铠无瑕,奥妮克希亚玄铁胸铠,胸部,坦克
250,100957,永固·王庭束带洞察,幽魂之地新月扣带,腰部,坦克
250,100958,永固·王庭束带迅捷,御山扣带,腰部,坦克
250,100959,永固·王庭束带破阵,临世腰铠,腰部,坦克
250,100960,永固·王庭束带无瑕,索拉查冰封战带,腰部,坦克
250,100961,永固·王庭腿卫洞察,巨魔祭司镇海腿甲,腿部,坦克
250,100962,永固·王庭腿卫迅捷,远征军破界腿胄,腿部,坦克
250,100963,永固·王庭腿卫破阵,雷霆崖腿胄,腿部,坦克
250,100964,永固·王庭腿卫无瑕,达拉然腿铠,腿部,坦克
250,100965,永固·王庭战靴洞察,奥格瑞玛踏靴,脚部,坦克
250,100966,永固·王庭战靴迅捷,银辉·足铠,脚部,坦克
250,100967,永固·王庭战靴破阵,执剑者裂地足铠,脚部,坦克
250,100968,永固·王庭战靴无瑕,潮汐破天踏靴,脚部,坦克
250,100969,永固·王庭腕轮洞察,咒纹·腕甲,腕部,坦克
250,100970,永固·王庭腕轮迅捷,璀璨·腕铠,腕部,坦克
250,100971,永固·王庭腕轮破阵,亘古断岳腕甲,腕部,坦克
250,100972,永固·王庭腕轮无瑕,铁壁护臂,腕部,坦克
250,100973,永固·王庭护手洞察,护手·星云,手部,坦克
250,100974,永固·王庭护手迅捷,降临臂铠,手部,坦克
250,100975,永固·王庭护手破阵,岩心之臂铠,手部,坦克
250,100976,永固·王庭护手无瑕,奥术拳甲,手部,坦克
250,100977,寰宇·洞察坠饰,星陨印记,颈部,法系输出
250,100978,寰宇·迅捷坠饰,轰雷护符,颈部,法系输出
250,100979,寰宇·破阵坠饰,余烬之裁断,颈部,法系输出
250,100980,寰宇·无瑕坠饰,银月城的青霜,颈部,法系输出
250,100981,寰宇·洞察指环,永恒之缚龙,戒指,法系输出
250,100982,寰宇·迅捷指环,烈日·戒律,戒指,法系输出
250,100983,寰宇·破阵指环,凛冽之焚天,戒指,法系输出
250,100984,寰宇·无瑕指环,圣光之之戒,戒指,法系输出
250,100985,寰宇·远见指环,梦境之焚天,戒指,法系输出
250,100986,寰宇·坚毅指环,奥义戒律,戒指,法系输出
250,100987,寰宇·洞察斗篷,潮汐·驭天,披风,法系输出
250,100988,寰宇·迅捷斗篷,地狱火半岛的大地,披风,法系输出
250,100989,寰宇·破阵斗篷,蚀日·披风,披风,法系输出
250,100990,寰宇·无瑕斗篷,血月·惊涛,披风,法系输出
250,100991,神铸·洞察坠饰,蓝龙军团之星轨,颈部,力量输出
250,100992,神铸·迅捷坠饰,圣辉之镇压,颈部,力量输出
250,100993,神铸·破阵坠饰,星陨之守护,颈部,力量输出
250,100994,神铸·无瑕坠饰,红龙军团之链坠,颈部,力量输出
250,100995,神铸·洞察指环,幻光之指环,戒指,力量输出
250,100996,神铸·迅捷指环,秘法·玺戒,戒指,力量输出
250,100997,神铸·破阵指环,破阵玺戒,戒指,力量输出
250,100998,神铸·无瑕指环,山岳之之戒,戒指,力量输出
250,100999,神铸·远见指环,屠龙者之符文,戒指,力量输出
250,101000,神铸·坚毅指环,月刃·指环,戒指,力量输出
250,101001,神铸·洞察斗篷,缚霜者之罩袍,披风,力量输出
250,101002,神铸·迅捷斗篷,蓝龙军团之源质,披风,力量输出
250,101003,神铸·破阵斗篷,玄冰·斗篷,披风,力量输出
250,101004,神铸·无瑕斗篷,黑翼之巢的虚空,披风,力量输出
250,101005,逐星·洞察坠饰,降世链坠,颈部,敏捷输出
250,101006,逐星·迅捷坠饰,轮回之链坠,颈部,敏捷输出
250,101007,逐星·破阵坠饰,幽魂之地的金曦,颈部,敏捷输出
250,101008,逐星·无瑕坠饰,龙骨荒野的日蚀,颈部,敏捷输出
250,101009,逐星·洞察指环,万法王之银河,戒指,敏捷输出
250,101010,逐星·迅捷指环,追猎指环,戒指,敏捷输出
250,101011,逐星·破阵指环,巨魔祭司之轮回,戒指,敏捷输出
250,101012,逐星·无瑕指环,泰坦之御风,戒指,敏捷输出
250,101013,逐星·远见指环,征途·戒指,戒指,敏捷输出
250,101014,逐星·坚毅指环,镇岳之戒,戒指,敏捷输出
250,101015,逐星·洞察斗篷,蓝龙军团之大氅,披风,敏捷输出
250,101016,逐星·迅捷斗篷,符文·惊涛,披风,敏捷输出
250,101017,逐星·破阵斗篷,魔铁之披风,披风,敏捷输出
250,101018,逐星·无瑕斗篷,织法者之秘银,披风,敏捷输出
250,101019,圣辉·洞察坠饰,破晓者之璀璨,颈部,治疗
250,101020,圣辉·迅捷坠饰,余烬·链坠,颈部,治疗
250,101021,圣辉·破阵坠饰,生命项圈,颈部,治疗
250,101022,圣辉·无瑕坠饰,太古之印记,颈部,治疗
250,101023,圣辉·洞察指环,希利苏斯的龙骨,戒指,治疗
250,101024,圣辉·迅捷指环,青铜龙之天火,戒指,治疗
250,101025,圣辉·破阵指环,征途·玺戒,戒指,治疗
250,101026,圣辉·无瑕指环,紫电·破界,戒指,治疗
250,101027,圣辉·远见指环,裁断玺戒,戒指,治疗
250,101028,圣辉·坚毅指环,凋零·指环,戒指,治疗
250,101029,圣辉·洞察斗篷,紫电之穿云,披风,治疗
250,101030,圣辉·迅捷斗篷,破天大氅,披风,治疗
250,101031,圣辉·破阵斗篷,照夜斗篷,披风,治疗
250,101032,圣辉·无瑕斗篷,碎星披风,披风,治疗
250,101033,永固·洞察坠饰,不朽·镇世,颈部,坦克
250,101034,永固·迅捷坠饰,符文之项圈,颈部,坦克
250,101035,永固·破阵坠饰,秘法之镇世,颈部,坦克
250,101036,永固·无瑕坠饰,玄冰·链坠,颈部,坦克
250,101037,永固·洞察指环,翡翠之降临,戒指,坦克
250,101038,永固·迅捷指环,巨魔祭司之玺戒,戒指,坦克
250,101039,永固·破阵指环,凋零戒指,戒指,坦克
250,101040,永固·无瑕指环,擎天玺戒,戒指,坦克
250,101041,永固·远见指环,失落·镇海,戒指,坦克
250,101042,永固·坚毅指环,缚龙玺戒,戒指,坦克
250,101043,永固·洞察斗篷,裁决者之秘法,披风,坦克
250,101044,永固·迅捷斗篷,泰坦罩袍,披风,坦克
250,101045,永固·破阵斗篷,镇岳披风,披风,坦克
250,101046,永固·无瑕斗篷,赤焰之降临,披风,坦克
250,101047,寰宇·洞察秘典,战争领主之圣契,副手物品,法系输出
250,101048,寰宇·迅捷秘典,烈焰法球,副手物品,法系输出
250,101049,寰宇·破阵秘典,符文大师之权杖,副手物品,法系输出
250,101050,寰宇·无瑕秘典,擎天法典,副手物品,法系输出
250,101051,圣辉·洞察秘典,圣殿骑士之宝珠,副手物品,治疗
250,101052,圣辉·迅捷秘典,星陨圣契,副手物品,治疗
250,101053,圣辉·破阵秘典,死亡骑士之秘银,副手物品,治疗
250,101054,圣辉·无瑕秘典,暗影之圣契,副手物品,治疗
250,101055,寰宇·洞察壁盾,黑翼之巢护盾,盾牌,法系输出
250,101056,寰宇·迅捷壁盾,蚀日·大盾,盾牌,法系输出
250,101057,寰宇·破阵壁盾,魔能盾牌,盾牌,法系输出
250,101058,寰宇·无瑕壁盾,月刃·大盾,盾牌,法系输出
250,101059,圣辉·洞察壁盾,冰冠堡垒坚盾,盾牌,治疗
250,101060,圣辉·迅捷壁盾,命运之护盾,盾牌,治疗
250,101061,圣辉·破阵壁盾,恩泽盾牌,盾牌,治疗
250,101062,圣辉·无瑕壁盾,静潮之壁垒,盾牌,治疗
250,101063,永固·洞察壁盾,灵光大盾,盾牌,坦克
250,101064,永固·迅捷壁盾,风暴峭壁之塔盾,盾牌,坦克
250,101065,永固·破阵壁盾,幽魂之地大盾,盾牌,坦克
250,101066,永固·无瑕壁盾,镇世塔盾,盾牌,坦克
250,101067,神铸·裂界战斧洞察,无尽之战斧,单手武器,力量输出
250,101068,神铸·裂界战斧迅捷,卡拉赞利斧,单手武器,力量输出
250,101069,神铸·裂界战斧破阵,晨星断空短斧,单手武器,力量输出
250,101070,逐星·裂界战斧洞察,缚霜者之手斧,单手武器,敏捷输出
250,101071,逐星·裂界战斧迅捷,冰封断空短斧,单手武器,敏捷输出
250,101072,逐星·裂界战斧破阵,星陨冻结手斧,单手武器,敏捷输出
250,101073,永固·裂界战斧洞察,祖达克之短斧,单手武器,坦克
250,101074,永固·裂界战斧迅捷,霜痕·利斧,单手武器,坦克
250,101075,永固·裂界战斧破阵,群星之手斧,单手武器,坦克
250,101076,神铸·断岳巨斧洞察,降临战斧,双手武器,力量输出
250,101077,神铸·断岳巨斧迅捷,大地驭雷破城斧,双手武器,力量输出
250,101078,神铸·断岳巨斧破阵,幽影·战斧,双手武器,力量输出
250,101079,神铸·断岳巨斧无瑕,轰雷重斧,双手武器,力量输出
250,101080,逐星·群星长弓洞察,掠影战弓,弓,敏捷输出
250,101081,逐星·群星长弓迅捷,晶歌森林长弓,弓,敏捷输出
250,101082,逐星·群星长弓破阵,时空之弯弓,弓,敏捷输出
250,101083,逐星·群星长弓无瑕,疾影战弓,弓,敏捷输出
250,101084,逐星·雷鸣火枪洞察,圣光·猎枪,远程武器,敏捷输出
250,101085,逐星·雷鸣火枪迅捷,余烬裂云长枪,远程武器,敏捷输出
250,101086,逐星·雷鸣火枪破阵,沙塔斯之步枪,远程武器,敏捷输出
250,101087,逐星·雷鸣火枪无瑕,龙骨荒野之猎枪,远程武器,敏捷输出
250,101088,神铸·裁决战锤洞察,血精灵魔导师之钉锤,主手武器,力量输出
250,101089,神铸·裁决战锤迅捷,金曦·权杖,主手武器,力量输出
250,101090,神铸·裁决战锤破阵,索拉查之短锤,主手武器,力量输出
250,101091,永固·裁决战锤洞察,山岳·铁锤,主手武器,坦克
250,101092,永固·裁决战锤迅捷,寒冰皇冠钉锤,主手武器,坦克
250,101093,永固·裁决战锤破阵,泰坦监护者之权杖,主手武器,坦克
250,101094,寰宇·裁决战锤洞察,远征军之铁锤,主手武器,法系输出
250,101095,寰宇·裁决战锤迅捷,幻影之权杖,主手武器,法系输出
250,101096,寰宇·裁决战锤破阵,寒星破界短锤,主手武器,法系输出
250,101097,圣辉·裁决战锤洞察,奥格瑞玛铁锤,主手武器,治疗
250,101098,圣辉·裁决战锤迅捷,红龙铁锤,主手武器,治疗
250,101099,圣辉·裁决战锤破阵,守望者权杖,主手武器,治疗
250,101100,神铸·泰坦重锤洞察,陨星断岳战锤,双手武器,力量输出
250,101101,神铸·泰坦重锤迅捷,幻光净世破甲锤,双手武器,力量输出
250,101102,神铸·泰坦重锤破阵,太古·重锤,双手武器,力量输出
250,101103,神铸·泰坦重锤无瑕,嚎风峡湾之破甲锤,双手武器,力量输出
250,101104,神铸·破阵长戟洞察,永夜之长枪,双手武器,力量输出
250,101105,神铸·破阵长戟迅捷,石爪山之三叉戟,双手武器,力量输出
250,101106,神铸·破阵长戟破阵,寒霜·三叉戟,双手武器,力量输出
250,101107,逐星·破阵长戟洞察,龙鳞三叉戟,双手武器,敏捷输出
250,101108,逐星·破阵长戟迅捷,银辉之长矛,双手武器,敏捷输出
250,101109,逐星·破阵长戟破阵,擎天战戟,双手武器,敏捷输出
250,101110,神铸·王权之刃洞察,轮回之军刀,主手武器,力量输出
250,101111,神铸·王权之刃迅捷,征途军刀,主手武器,力量输出
250,101112,神铸·王权之刃破阵,通灵学院利剑,主手武器,力量输出
250,101113,永固·王权之刃洞察,冰封·短剑,主手武器,坦克
250,101114,永固·王权之刃迅捷,焚天长剑,主手武器,坦克
250,101115,永固·王权之刃破阵,圣贤军刀,主手武器,坦克
250,101116,寰宇·王权之刃洞察,潜行者之佩剑,主手武器,法系输出
250,101117,寰宇·王权之刃迅捷,复苏·短剑,主手武器,法系输出
250,101118,寰宇·王权之刃破阵,大领主军刀,主手武器,法系输出
250,101119,逐星·王权之刃洞察,疾风短剑,主手武器,敏捷输出
250,101120,逐星·王权之刃迅捷,雷霆崖之军刀,主手武器,敏捷输出
250,101121,逐星·王权之刃破阵,驭雷利剑,主手武器,敏捷输出
250,101122,神铸·霜魂巨剑洞察,腐化·大剑,双手武器,力量输出
250,101123,神铸·霜魂巨剑迅捷,蓝龙碎星巨剑,双手武器,力量输出
250,101124,神铸·霜魂巨剑破阵,梦境之大剑,双手武器,力量输出
250,101125,神铸·霜魂巨剑无瑕,祖尔法拉克阔剑,双手武器,力量输出
250,101126,寰宇·苍穹法杖洞察,天启者之神杖,双手武器,法系输出
250,101127,寰宇·苍穹法杖迅捷,祖尔法拉克之秘杖,双手武器,法系输出
250,101128,寰宇·苍穹法杖破阵,寒冰皇冠之手杖,双手武器,法系输出
250,101129,寰宇·苍穹法杖无瑕,御风者之秘杖,双手武器,法系输出
250,101130,圣辉·苍穹法杖洞察,永恒断岳法杖,双手武器,治疗
250,101131,圣辉·苍穹法杖迅捷,血色修道院秘杖,双手武器,治疗
250,101132,圣辉·苍穹法杖破阵,辉光法杖,双手武器,治疗
250,101133,圣辉·苍穹法杖无瑕,纳格兰法杖,双手武器,治疗
250,101134,逐星·苍穹法杖洞察,山岳·权杖,双手武器,敏捷输出
250,101135,逐星·苍穹法杖迅捷,圣辉断岳权杖,双手武器,敏捷输出
250,101136,逐星·苍穹法杖破阵,生命秘杖,双手武器,敏捷输出
250,101137,逐星·风暴拳刃洞察,银月城铁拳,主手武器,敏捷输出
250,101138,逐星·风暴拳刃迅捷,幻影·手甲,主手武器,敏捷输出
250,101139,逐星·风暴拳刃破阵,静潮拳刃,主手武器,敏捷输出
250,101140,逐星·风暴拳刃左契洞察,红龙利爪,副手武器,敏捷输出
250,101141,逐星·风暴拳刃左契迅捷,苍穹王座铁拳,副手武器,敏捷输出
250,101142,逐星·风暴拳刃左契破阵,石爪山铁拳,副手武器,敏捷输出
250,101143,逐星·暮影匕首洞察,大领主之短刃,主手武器,敏捷输出
250,101144,逐星·暮影匕首迅捷,凛冬临世尖刺,主手武器,敏捷输出
250,101145,逐星·暮影匕首破阵,轰雷短刃,主手武器,敏捷输出
250,101146,寰宇·暮影匕首洞察,紫电匕首,主手武器,法系输出
250,101147,寰宇·暮影匕首迅捷,银色北伐军匕首,主手武器,法系输出
250,101148,寰宇·暮影匕首破阵,裂云尖刺,主手武器,法系输出
250,101149,圣辉·暮影匕首洞察,恩泽短刃,主手武器,治疗
250,101150,圣辉·暮影匕首迅捷,永恒短刃,主手武器,治疗
250,101151,圣辉·暮影匕首破阵,赤霞之利刃,主手武器,治疗
250,101152,逐星·暮影匕首左契洞察,生长降世短刃,副手武器,敏捷输出
250,101153,逐星·暮影匕首左契迅捷,源质·匕首,副手武器,敏捷输出
250,101154,逐星·暮影匕首左契破阵,潜踪尖刺,副手武器,敏捷输出
250,101155,逐星·回旋飞刃洞察,诅咒之地标枪,投掷武器,敏捷输出
250,101156,逐星·回旋飞刃迅捷,天火·标枪,投掷武器,敏捷输出
250,101157,逐星·回旋飞刃破阵,银色北伐军投刃,投掷武器,敏捷输出
250,101158,逐星·风行重弩洞察,秘银之连弩,远程武器,敏捷输出
250,101159,逐星·风行重弩迅捷,玄冰破云劲弩,远程武器,敏捷输出
250,101160,逐星·风行重弩破阵,冬拥湖连弩,远程武器,敏捷输出
250,101161,逐星·风行重弩无瑕,蓝龙军团劲弩,远程武器,敏捷输出
250,101162,寰宇·星辉魔杖洞察,静潮焚天咒珠,远程武器,法系输出
250,101163,寰宇·星辉魔杖迅捷,风暴峭壁之魔杖,远程武器,法系输出
250,101164,寰宇·星辉魔杖破阵,炽焰之星珠,远程武器,法系输出
250,101165,寰宇·星辉魔杖无瑕,海加尔山之灵珠,远程武器,法系输出
250,101166,圣辉·星辉魔杖洞察,黑翼之巢之法珠,远程武器,治疗
250,101167,圣辉·星辉魔杖迅捷,自然·咒珠,远程武器,治疗
250,101168,圣辉·星辉魔杖破阵,破天咒珠,远程武器,治疗
250,101169,圣辉·星辉魔杖无瑕,永夜之咒珠,远程武器,治疗
260,101170,苍穹·星纱冠冕洞察,纳克萨玛斯之面罩,头部,法系输出
260,101171,苍穹·星纱冠冕迅捷,天穹头巾,头部,法系输出
260,101172,苍穹·星纱冠冕破阵,混沌之面罩,头部,法系输出
260,101173,苍穹·星纱冠冕无瑕,达拉然大地头饰,头部,法系输出
260,101174,苍穹·星纱肩卫洞察,仲裁者之披肩,肩部,法系输出
260,101175,苍穹·星纱肩卫迅捷,守望者肩饰,肩部,法系输出
260,101176,苍穹·星纱肩卫破阵,星语者肩巾,肩部,法系输出
260,101177,苍穹·星纱肩卫无瑕,龙鳞·肩饰,肩部,法系输出
260,101178,苍穹·星纱法衣洞察,虚空之长袍,胸部,法系输出
260,101179,苍穹·星纱法衣迅捷,霸主长袍,胸部,法系输出
260,101180,苍穹·星纱法衣破阵,幽魂之地神恩法衣,胸部,法系输出
260,101181,苍穹·星纱法衣无瑕,太阳之井法衣,胸部,法系输出
260,101182,苍穹·星纱束带洞察,咒术束腰,腰部,法系输出
260,101183,苍穹·星纱束带迅捷,霜狼酋长腰链,腰部,法系输出
260,101184,苍穹·星纱束带破阵,灼热腰带,腰部,法系输出
260,101185,苍穹·星纱束带无瑕,赤焰惊涛腰带,腰部,法系输出
260,101186,苍穹·星纱腿卫洞察,青霜之裤腿,腿部,法系输出
260,101187,苍穹·星纱腿卫迅捷,太古照夜腿甲,腿部,法系输出
260,101188,苍穹·星纱腿卫破阵,轰雷长裤,腿部,法系输出
260,101189,苍穹·星纱腿卫无瑕,冬拥湖秘银长裤,腿部,法系输出
260,101190,苍穹·星纱战靴洞察,霜痕破夜长靴,脚部,法系输出
260,101191,苍穹·星纱战靴迅捷,炽焰·长靴,脚部,法系输出
260,101192,苍穹·星纱战靴破阵,镇渊布靴,脚部,法系输出
260,101193,苍穹·星纱战靴无瑕,虚空风暴征途布靴,脚部,法系输出
260,101194,苍穹·星纱腕轮洞察,仲裁者之腕轮,腕部,法系输出
260,101195,苍穹·星纱腕轮迅捷,圣贤护臂,腕部,法系输出
260,101196,苍穹·星纱腕轮破阵,嚎风峡湾护腕,腕部,法系输出
260,101197,苍穹·星纱腕轮无瑕,神恩腕饰,腕部,法系输出
260,101198,苍穹·星纱护手洞察,秘法护手,手部,法系输出
260,101199,苍穹·星纱护手迅捷,海加尔山手套,手部,法系输出
260,101200,苍穹·星纱护手破阵,自然碎星手套,手部,法系输出
260,101201,苍穹·星纱护手无瑕,静潮御风护手,手部,法系输出
260,101202,苍穹·荒野冠冕洞察,失落·战盔,头部,法系输出
260,101203,苍穹·荒野冠冕迅捷,风暴峭壁头冠,头部,法系输出
260,101204,苍穹·荒野冠冕破阵,星陨头冠,头部,法系输出
260,101205,苍穹·荒野冠冕无瑕,青铜之兜帽,头部,法系输出
260,101206,苍穹·荒野肩卫洞察,烈焰·肩卫,肩部,法系输出
260,101207,苍穹·荒野肩卫迅捷,沙塔斯肩甲,肩部,法系输出
260,101208,苍穹·荒野肩卫破阵,霜狼酋长之肩甲,肩部,法系输出
260,101209,苍穹·荒野肩卫无瑕,幻光镇压披肩,肩部,法系输出
260,101210,苍穹·荒野法衣洞察,赞加沼泽神恩战衣,胸部,法系输出
260,101211,苍穹·荒野法衣迅捷,御风者镇世战衣,胸部,法系输出
260,101212,苍穹·荒野法衣破阵,星陨断空战衣,胸部,法系输出
260,101213,苍穹·荒野法衣无瑕,天启者护甲,胸部,法系输出
260,101214,苍穹·荒野束带洞察,沙塔斯之腰带,腰部,法系输出
260,101215,苍穹·荒野束带迅捷,岩心轰雷战带,腰部,法系输出
260,101216,苍穹·荒野束带破阵,灰熊丘陵青霜扣带,腰部,法系输出
260,101217,苍穹·荒野束带无瑕,巨魔祭司战带,腰部,法系输出
260,101218,苍穹·荒野腿卫洞察,腿甲·陨星,腿部,法系输出
260,101219,苍穹·荒野腿卫迅捷,照夜战裙,腿部,法系输出
260,101220,苍穹·荒野腿卫破阵,霸主轰雷腿铠,腿部,法系输出
260,101221,苍穹·荒野腿卫无瑕,红龙军团驭天护腿,腿部,法系输出
260,101222,苍穹·荒野战靴洞察,奥妮克希亚神恩足甲,脚部,法系输出
260,101223,苍穹·荒野战靴迅捷,血色修道院秩序踏靴,脚部,法系输出
260,101224,苍穹·荒野战靴破阵,暮光之踏靴,脚部,法系输出
260,101225,苍穹·荒野战靴无瑕,卡拉赞秘法踏靴,脚部,法系输出
260,101226,苍穹·荒野腕轮洞察,卡拉赞腕铠,腕部,法系输出
260,101227,苍穹·荒野腕轮迅捷,极光臂甲,腕部,法系输出
260,101228,苍穹·荒野腕轮破阵,镇岳腕铠,腕部,法系输出
260,101229,苍穹·荒野腕轮无瑕,星语者腕铠,腕部,法系输出
260,101230,苍穹·荒野护手洞察,祖达克之拳甲,手部,法系输出
260,101231,苍穹·荒野护手迅捷,希利苏斯之手套,手部,法系输出
260,101232,苍穹·荒野护手破阵,玄铁·手甲,手部,法系输出
260,101233,苍穹·荒野护手无瑕,银月城手甲,手部,法系输出
260,101234,苍穹·雷纹冠冕洞察,暴风城战盔,头部,法系输出
260,101235,苍穹·雷纹冠冕迅捷,守护者降世战盔,头部,法系输出
260,101236,苍穹·雷纹冠冕破阵,潮汐战盔,头部,法系输出
260,101237,苍穹·雷纹冠冕无瑕,焚烧兜帽,头部,法系输出
260,101238,苍穹·雷纹肩卫洞察,魔能肩卫,肩部,法系输出
260,101239,苍穹·雷纹肩卫迅捷,赤霞·肩卫,肩部,法系输出
260,101240,苍穹·雷纹肩卫破阵,穿云肩甲,肩部,法系输出
260,101241,苍穹·雷纹肩卫无瑕,红龙军团之肩甲,肩部,法系输出
260,101242,苍穹·雷纹法衣洞察,秩序·战衣,胸部,法系输出
260,101243,苍穹·雷纹法衣迅捷,冬拥湖护胸,胸部,法系输出
260,101244,苍穹·雷纹法衣破阵,游侠将军之胸甲,胸部,法系输出
260,101245,苍穹·雷纹法衣无瑕,血精灵魔导师之护胸,胸部,法系输出
260,101246,苍穹·雷纹束带洞察,灰烬之扣带,腰部,法系输出
260,101247,苍穹·雷纹束带迅捷,蚀日·腰带,腰部,法系输出
260,101248,苍穹·雷纹束带破阵,诅咒之地之扣带,腰部,法系输出
260,101249,苍穹·雷纹束带无瑕,晨星腰甲,腰部,法系输出
260,101250,苍穹·雷纹腿卫洞察,青霜擎天护腿,腿部,法系输出
260,101251,苍穹·雷纹腿卫迅捷,战争领主镇岳腿铠,腿部,法系输出
260,101252,苍穹·雷纹腿卫破阵,腿铠·灵光,腿部,法系输出
260,101253,苍穹·雷纹腿卫无瑕,破晓腿铠,腿部,法系输出
260,101254,苍穹·雷纹战靴洞察,山岳踏靴,脚部,法系输出
260,101255,苍穹·雷纹战靴迅捷,银河之战靴,脚部,法系输出
260,101256,苍穹·雷纹战靴破阵,虚空踏靴,脚部,法系输出
260,101257,苍穹·雷纹战靴无瑕,山岳·足甲,脚部,法系输出
260,101258,苍穹·雷纹腕轮洞察,驭雷腕铠,腕部,法系输出
260,101259,苍穹·雷纹腕轮迅捷,战争领主破界腕铠,腕部,法系输出
260,101260,苍穹·雷纹腕轮破阵,凋零·腕铠,腕部,法系输出
260,101261,苍穹·雷纹腕轮无瑕,符文臂甲,腕部,法系输出
260,101262,苍穹·雷纹护手洞察,织法者之拳甲,手部,法系输出
260,101263,苍穹·雷纹护手迅捷,裁决者镇岳拳甲,手部,法系输出
260,101264,苍穹·雷纹护手破阵,虚空轰雷拳甲,手部,法系输出
260,101265,苍穹·雷纹护手无瑕,青铜龙手套,手部,法系输出
260,101266,苍穹·王庭冠冕洞察,夜幕战盔,头部,法系输出
260,101267,苍穹·王庭冠冕迅捷,先知之头冠,头部,法系输出
260,101268,苍穹·王庭冠冕破阵,虚空风暴面罩,头部,法系输出
260,101269,苍穹·王庭冠冕无瑕,石爪山凛冽战盔,头部,法系输出
260,101270,苍穹·王庭肩卫洞察,幽影·肩甲,肩部,法系输出
260,101271,苍穹·王庭肩卫迅捷,天穹肩卫,肩部,法系输出
260,101272,苍穹·王庭肩卫破阵,灰熊丘陵命轮肩甲,肩部,法系输出
260,101273,苍穹·王庭肩卫无瑕,照夜肩胄,肩部,法系输出
260,101274,苍穹·王庭胸铠洞察,回响战衣,胸部,法系输出
260,101275,苍穹·王庭胸铠迅捷,诅咒之地晨星战衣,胸部,法系输出
260,101276,苍穹·王庭胸铠破阵,秘法·护胸,胸部,法系输出
260,101277,苍穹·王庭胸铠无瑕,先知焚天护胸,胸部,法系输出
260,101278,苍穹·王庭束带洞察,安其拉战带,腰部,法系输出
260,101279,苍穹·王庭束带迅捷,临世腰甲,腰部,法系输出
260,101280,苍穹·王庭束带破阵,逐日者战带,腰部,法系输出
260,101281,苍穹·王庭束带无瑕,雷霆之战带,腰部,法系输出
260,101282,苍穹·王庭腿卫洞察,冬泉谷腿铠,腿部,法系输出
260,101283,苍穹·王庭腿卫迅捷,冰封裂云腿胄,腿部,法系输出
260,101284,苍穹·王庭腿卫破阵,晶歌森林暮星腿甲,腿部,法系输出
260,101285,苍穹·王庭腿卫无瑕,幻影之腿铠,腿部,法系输出
260,101286,苍穹·王庭战靴洞察,焚天踏靴,脚部,法系输出
260,101287,苍穹·王庭战靴迅捷,血精灵魔导师惊涛踏靴,脚部,法系输出
260,101288,苍穹·王庭战靴破阵,红龙战靴,脚部,法系输出
260,101289,苍穹·王庭战靴无瑕,战靴·魔铁,脚部,法系输出
260,101290,苍穹·王庭腕轮洞察,红龙之腕甲,腕部,法系输出
260,101291,苍穹·王庭腕轮迅捷,新月·护臂,腕部,法系输出
260,101292,苍穹·王庭腕轮破阵,青铜·腕甲,腕部,法系输出
260,101293,苍穹·王庭腕轮无瑕,嚎风峡湾灵光腕铠,腕部,法系输出
260,101294,苍穹·王庭护手洞察,晨星拳甲,手部,法系输出
260,101295,苍穹·王庭护手迅捷,护手·星海,手部,法系输出
260,101296,苍穹·王庭护手破阵,护手·苍白,手部,法系输出
260,101297,苍穹·王庭护手无瑕,寒冰皇冠之拳甲,手部,法系输出
260,101298,曦光·星纱冠冕洞察,破军者照夜兜帽,头部,治疗
260,101299,曦光·星纱冠冕迅捷,余烬之面罩,头部,治疗
260,101300,曦光·星纱冠冕破阵,焚烧面罩,头部,治疗
260,101301,曦光·星纱冠冕无瑕,月刃头巾,头部,治疗
260,101302,曦光·星纱肩卫洞察,熔火之心星云披肩,肩部,治疗
260,101303,曦光·星纱肩卫迅捷,咒纹肩巾,肩部,治疗
260,101304,曦光·星纱肩卫破阵,剃刀高地衬肩,肩部,治疗
260,101305,曦光·星纱肩卫无瑕,裁决者焚烧衬肩,肩部,治疗
260,101306,曦光·星纱法衣洞察,命运之外衣,胸部,治疗
260,101307,曦光·星纱法衣迅捷,燃烬者镇海衣袍,胸部,治疗
260,101308,曦光·星纱法衣破阵,法衣·赤焰,胸部,治疗
260,101309,曦光·星纱法衣无瑕,矮人锻造师长袍,胸部,治疗
260,101310,曦光·星纱束带洞察,亘古擎天腰带,腰部,治疗
260,101311,曦光·星纱束带迅捷,雷霆裂云腰链,腰部,治疗
260,101312,曦光·星纱束带破阵,苍白惊涛腰带,腰部,治疗
260,101313,曦光·星纱束带无瑕,守望者降临腰链,腰部,治疗
260,101314,曦光·星纱腿卫洞察,仁心战裙,腿部,治疗
260,101315,曦光·星纱腿卫迅捷,裤腿·天穹,腿部,治疗
260,101316,曦光·星纱腿卫破阵,石爪山裤腿,腿部,治疗
260,101317,曦光·星纱腿卫无瑕,穿云裤腿,腿部,治疗
260,101318,曦光·星纱战靴洞察,赤霞长靴,脚部,治疗
260,101319,曦光·星纱战靴迅捷,足具·大地,脚部,治疗
260,101320,曦光·星纱战靴破阵,护足·潮汐,脚部,治疗
260,101321,曦光·星纱战靴无瑕,奥妮克希亚幻光布靴,脚部,治疗
260,101322,曦光·星纱腕轮洞察,艾萨拉龙焰护臂,腕部,治疗
260,101323,曦光·星纱腕轮迅捷,星芒·腕轮,腕部,治疗
260,101324,曦光·星纱腕轮破阵,腕轮·幻光,腕部,治疗
260,101325,曦光·星纱腕轮无瑕,圣贤之腕轮,腕部,治疗
260,101326,曦光·星纱护手洞察,群星手套,手部,治疗
260,101327,曦光·星纱护手迅捷,赤焰·手套,手部,治疗
260,101328,曦光·星纱护手破阵,风暴峭壁之手饰,手部,治疗
260,101329,曦光·星纱护手无瑕,神祇之护手,手部,治疗
260,101330,曦光·荒野冠冕洞察,血色修道院之面甲,头部,治疗
260,101331,曦光·荒野冠冕迅捷,晨辉战盔,头部,治疗
260,101332,曦光·荒野冠冕破阵,风暴峭壁命运面甲,头部,治疗
260,101333,曦光·荒野冠冕无瑕,奥杜尔轮回头盔,头部,治疗
260,101334,曦光·荒野肩卫洞察,暮光驭天肩甲,肩部,治疗
260,101335,曦光·荒野肩卫迅捷,达拉然之肩卫,肩部,治疗
260,101336,曦光·荒野肩卫破阵,暮光审判官镇压肩卫,肩部,治疗
260,101337,曦光·荒野肩卫无瑕,剃刀高地肩铠,肩部,治疗
260,101338,曦光·荒野法衣洞察,霜狼酋长之护甲,胸部,治疗
260,101339,曦光·荒野法衣迅捷,胸甲·烈日,胸部,治疗
260,101340,曦光·荒野法衣破阵,海加尔山之战衣,胸部,治疗
260,101341,曦光·荒野法衣无瑕,祖尔法拉克新月战衣,胸部,治疗
260,101342,曦光·荒野束带洞察,霜裔之腰甲,腰部,治疗
260,101343,曦光·荒野束带迅捷,圣贤战带,腰部,治疗
260,101344,曦光·荒野束带破阵,雷霆崖扣带,腰部,治疗
260,101345,曦光·荒野束带无瑕,庇护战带,腰部,治疗
260,101346,曦光·荒野腿卫洞察,暮星腿甲,腿部,治疗
260,101347,曦光·荒野腿卫迅捷,远征军之腿甲,腿部,治疗
260,101348,曦光·荒野腿卫破阵,炽焰护腿,腿部,治疗
260,101349,曦光·荒野腿卫无瑕,日蚀腿甲,腿部,治疗
260,101350,曦光·荒野战靴洞察,命运·战靴,脚部,治疗
260,101351,曦光·荒野战靴迅捷,仲裁者碎星踏靴,脚部,治疗
260,101352,曦光·荒野战靴破阵,唤潮者裁断战靴,脚部,治疗
260,101353,曦光·荒野战靴无瑕,护足·天启,脚部,治疗
260,101354,曦光·荒野腕轮洞察,符文大师腕铠,腕部,治疗
260,101355,曦光·荒野腕轮迅捷,陨星·护腕,腕部,治疗
260,101356,曦光·荒野腕轮破阵,寒冰皇冠太古护臂,腕部,治疗
260,101357,曦光·荒野腕轮无瑕,银色北伐军腕铠,腕部,治疗
260,101358,曦光·荒野护手洞察,拳甲·玄冰,手部,治疗
260,101359,曦光·荒野护手迅捷,赤霞·护手,手部,治疗
260,101360,曦光·荒野护手破阵,红龙之手甲,手部,治疗
260,101361,曦光·荒野护手无瑕,生命护手,手部,治疗
260,101362,曦光·雷纹冠冕洞察,潜行者面甲,头部,治疗
260,101363,曦光·雷纹冠冕迅捷,战盔·命轮,头部,治疗
260,101364,曦光·雷纹冠冕破阵,晶歌森林之头冠,头部,治疗
260,101365,曦光·雷纹冠冕无瑕,唤潮者缚龙面甲,头部,治疗
260,101366,曦光·雷纹肩卫洞察,战争领主肩甲,肩部,治疗
260,101367,曦光·雷纹肩卫迅捷,仁心肩甲,肩部,治疗
260,101368,曦光·雷纹肩卫破阵,大地裂地肩铠,肩部,治疗
260,101369,曦光·雷纹肩卫无瑕,源质之肩卫,肩部,治疗
260,101370,曦光·雷纹法衣洞察,幽影之护胸,胸部,治疗
260,101371,曦光·雷纹法衣迅捷,护甲·征途,胸部,治疗
260,101372,曦光·雷纹法衣破阵,破夜战衣,胸部,治疗
260,101373,曦光·雷纹法衣无瑕,寒星之护甲,胸部,治疗
260,101374,曦光·雷纹束带洞察,嚎风峡湾之腰甲,腰部,治疗
260,101375,曦光·雷纹束带迅捷,屠龙者腰甲,腰部,治疗
260,101376,曦光·雷纹束带破阵,祖尔格拉布腰甲,腰部,治疗
260,101377,曦光·雷纹束带无瑕,星环碎星战带,腰部,治疗
260,101378,曦光·雷纹腿卫洞察,生命之战裙,腿部,治疗
260,101379,曦光·雷纹腿卫迅捷,银月城苍白战裙,腿部,治疗
260,101380,曦光·雷纹腿卫破阵,烈焰腿铠,腿部,治疗
260,101381,曦光·雷纹腿卫无瑕,龙骨护腿,腿部,治疗
260,101382,曦光·雷纹战靴洞察,先知足甲,脚部,治疗
260,101383,曦光·雷纹战靴迅捷,精金战靴,脚部,治疗
260,101384,曦光·雷纹战靴破阵,青铜龙战靴,脚部,治疗
260,101385,曦光·雷纹战靴无瑕,镇魂使焚烧足甲,脚部,治疗
260,101386,曦光·雷纹腕轮洞察,赤焰裂地护臂,腕部,治疗
260,101387,曦光·雷纹腕轮迅捷,嚎风峡湾之护臂,腕部,治疗
260,101388,曦光·雷纹腕轮破阵,灵光护臂,腕部,治疗
260,101389,曦光·雷纹腕轮无瑕,复苏腕铠,腕部,治疗
260,101390,曦光·雷纹护手洞察,夜幕·手套,手部,治疗
260,101391,曦光·雷纹护手迅捷,破晓者手套,手部,治疗
260,101392,曦光·雷纹护手破阵,永恒之拳甲,手部,治疗
260,101393,曦光·雷纹护手无瑕,天启者守望手套,手部,治疗
260,101394,曦光·王庭冠冕洞察,战盔·腐化,头部,治疗
260,101395,曦光·王庭冠冕迅捷,御风者之面甲,头部,治疗
260,101396,曦光·王庭冠冕破阵,屠龙者断岳面罩,头部,治疗
260,101397,曦光·王庭冠冕无瑕,唤潮者断空战盔,头部,治疗
260,101398,曦光·王庭肩卫洞察,星芒·肩卫,肩部,治疗
260,101399,曦光·王庭肩卫迅捷,星语者降世肩甲,肩部,治疗
260,101400,曦光·王庭肩卫破阵,极光破云肩卫,肩部,治疗
260,101401,曦光·王庭肩卫无瑕,圣光肩卫,肩部,治疗
260,101402,曦光·王庭胸铠洞察,追猎者之护胸,胸部,治疗
260,101403,曦光·王庭胸铠迅捷,风暴领主胸铠,胸部,治疗
260,101404,曦光·王庭胸铠破阵,赤霞之战衣,胸部,治疗
260,101405,曦光·王庭胸铠无瑕,不朽战衣,胸部,治疗
260,101406,曦光·王庭束带洞察,扣带·玄冰,腰部,治疗
260,101407,曦光·王庭束带迅捷,织法者战带,腰部,治疗
260,101408,曦光·王庭束带破阵,先知腰铠,腰部,治疗
260,101409,曦光·王庭束带无瑕,执剑者惊涛扣带,腰部,治疗
260,101410,曦光·王庭腿卫洞察,太古之腿胄,腿部,治疗
260,101411,曦光·王庭腿卫迅捷,生长·护腿,腿部,治疗
260,101412,曦光·王庭腿卫破阵,峥嵘回响腿铠,腿部,治疗
260,101413,曦光·王庭腿卫无瑕,永夜·腿胄,腿部,治疗
260,101414,曦光·王庭战靴洞察,照夜踏靴,脚部,治疗
260,101415,曦光·王庭战靴迅捷,裂云战靴,脚部,治疗
260,101416,曦光·王庭战靴破阵,暴风城之踏靴,脚部,治疗
260,101417,曦光·王庭战靴无瑕,钢铁·足铠,脚部,治疗
260,101418,曦光·王庭腕轮洞察,命轮·腕甲,腕部,治疗
260,101419,曦光·王庭腕轮迅捷,护臂·虚空,腕部,治疗
260,101420,曦光·王庭腕轮破阵,寒星·腕铠,腕部,治疗
260,101421,曦光·王庭腕轮无瑕,苍翠照夜臂甲,腕部,治疗
260,101422,曦光·王庭护手洞察,祖达克凋零拳甲,手部,治疗
260,101423,曦光·王庭护手迅捷,织法者之臂铠,手部,治疗
260,101424,曦光·王庭护手破阵,风暴峭壁之拳甲,手部,治疗
260,101425,曦光·王庭护手无瑕,雷霆护手,手部,治疗
260,101426,凌霄·荒野冠冕洞察,艾萨拉之战盔,头部,敏捷输出
260,101427,凌霄·荒野冠冕迅捷,泰罗卡森林灵光头盔,头部,敏捷输出
260,101428,凌霄·荒野冠冕破阵,战盔·新月,头部,敏捷输出
260,101429,凌霄·荒野冠冕无瑕,兜帽·山岳,头部,敏捷输出
260,101430,凌霄·荒野肩卫洞察,肩卫·霜裔,肩部,敏捷输出
260,101431,凌霄·荒野肩卫迅捷,缚霜者之肩铠,肩部,敏捷输出
260,101432,凌霄·荒野肩卫破阵,冻结肩甲,肩部,敏捷输出
260,101433,凌霄·荒野肩卫无瑕,钢铁肩甲,肩部,敏捷输出
260,101434,凌霄·荒野胸铠洞察,星环·战衣,胸部,敏捷输出
260,101435,凌霄·荒野胸铠迅捷,天启护甲,胸部,敏捷输出
260,101436,凌霄·荒野胸铠破阵,冻结护甲,胸部,敏捷输出
260,101437,凌霄·荒野胸铠无瑕,星语者穿云护胸,胸部,敏捷输出
260,101438,凌霄·荒野束带洞察,暴风城腰带,腰部,敏捷输出
260,101439,凌霄·荒野束带迅捷,星环·腰甲,腰部,敏捷输出
260,101440,凌霄·荒野束带破阵,银月城之腰甲,腰部,敏捷输出
260,101441,凌霄·荒野束带无瑕,寒冰皇冠腰甲,腰部,敏捷输出
260,101442,凌霄·荒野腿卫洞察,圣殿骑士之腿铠,腿部,敏捷输出
260,101443,凌霄·荒野腿卫迅捷,圣殿骑士镇海战裙,腿部,敏捷输出
260,101444,凌霄·荒野腿卫破阵,剃刀高地晨星腿甲,腿部,敏捷输出
260,101445,凌霄·荒野腿卫无瑕,森罗·战裙,腿部,敏捷输出
260,101446,凌霄·荒野战靴洞察,霜狼酋长之护足,脚部,敏捷输出
260,101447,凌霄·荒野战靴迅捷,虚空风暴之护足,脚部,敏捷输出
260,101448,凌霄·荒野战靴破阵,赞加沼泽踏靴,脚部,敏捷输出
260,101449,凌霄·荒野战靴无瑕,护足·血月,脚部,敏捷输出
260,101450,凌霄·荒野腕轮洞察,血色修道院之护腕,腕部,敏捷输出
260,101451,凌霄·荒野腕轮迅捷,夜幕之护臂,腕部,敏捷输出
260,101452,凌霄·荒野腕轮破阵,刀锋山臂甲,腕部,敏捷输出
260,101453,凌霄·荒野腕轮无瑕,腕铠·苍白,腕部,敏捷输出
260,101454,凌霄·荒野护手洞察,死亡骑士手甲,手部,敏捷输出
260,101455,凌霄·荒野护手迅捷,利爪护手,手部,敏捷输出
260,101456,凌霄·荒野护手破阵,圣辉护手,手部,敏捷输出
260,101457,凌霄·荒野护手无瑕,驭天护手,手部,敏捷输出
260,101458,凌霄·雷纹冠冕洞察,奥格瑞玛银辉面甲,头部,敏捷输出
260,101459,凌霄·雷纹冠冕迅捷,裁决者镇世头冠,头部,敏捷输出
260,101460,凌霄·雷纹冠冕破阵,地狱火半岛之头冠,头部,敏捷输出
260,101461,凌霄·雷纹冠冕无瑕,星语者轰雷面甲,头部,敏捷输出
260,101462,凌霄·雷纹肩卫洞察,泰罗卡森林肩卫,肩部,敏捷输出
260,101463,凌霄·雷纹肩卫迅捷,暴风城之肩铠,肩部,敏捷输出
260,101464,凌霄·雷纹肩卫破阵,灵光照夜肩铠,肩部,敏捷输出
260,101465,凌霄·雷纹肩卫无瑕,天火·肩甲,肩部,敏捷输出
260,101466,凌霄·雷纹胸铠洞察,苍穹王座银辉胸甲,胸部,敏捷输出
260,101467,凌霄·雷纹胸铠迅捷,征途之胸甲,胸部,敏捷输出
260,101468,凌霄·雷纹胸铠破阵,暴风城之胸甲,胸部,敏捷输出
260,101469,凌霄·雷纹胸铠无瑕,星海战衣,胸部,敏捷输出
260,101470,凌霄·雷纹束带洞察,天启之腰带,腰部,敏捷输出
260,101471,凌霄·雷纹束带迅捷,守望扣带,腰部,敏捷输出
260,101472,凌霄·雷纹束带破阵,符文大师之战带,腰部,敏捷输出
260,101473,凌霄·雷纹束带无瑕,冰冠堡垒扣带,腰部,敏捷输出
260,101474,凌霄·雷纹腿卫洞察,夜幕护腿,腿部,敏捷输出
260,101475,凌霄·雷纹腿卫迅捷,天轨驭雷护腿,腿部,敏捷输出
260,101476,凌霄·雷纹腿卫破阵,护腿·生命,腿部,敏捷输出
260,101477,凌霄·雷纹腿卫无瑕,虚空镇海腿甲,腿部,敏捷输出
260,101478,凌霄·雷纹战靴洞察,凋零之护足,脚部,敏捷输出
260,101479,凌霄·雷纹战靴迅捷,战靴·岩心,脚部,敏捷输出
260,101480,凌霄·雷纹战靴破阵,轰雷足甲,脚部,敏捷输出
260,101481,凌霄·雷纹战靴无瑕,暮光审判官战靴,脚部,敏捷输出
260,101482,凌霄·雷纹腕轮洞察,黎明之护腕,腕部,敏捷输出
260,101483,凌霄·雷纹腕轮迅捷,潜踪臂甲,腕部,敏捷输出
260,101484,凌霄·雷纹腕轮破阵,腕铠·星环,腕部,敏捷输出
260,101485,凌霄·雷纹腕轮无瑕,先知之护臂,腕部,敏捷输出
260,101486,凌霄·雷纹护手洞察,影月谷手甲,手部,敏捷输出
260,101487,凌霄·雷纹护手迅捷,裂地手套,手部,敏捷输出
260,101488,凌霄·雷纹护手破阵,索拉查手套,手部,敏捷输出
260,101489,凌霄·雷纹护手无瑕,夜幕·护手,手部,敏捷输出
260,101490,天铸·王庭冠冕洞察,暗影之战盔,头部,力量输出
260,101491,天铸·王庭冠冕迅捷,守望者破夜战盔,头部,力量输出
260,101492,天铸·王庭冠冕破阵,血战战盔,头部,力量输出
260,101493,天铸·王庭冠冕无瑕,红龙之头冠,头部,力量输出
260,101494,天铸·王庭肩卫洞察,银河肩甲,肩部,力量输出
260,101495,天铸·王庭肩卫迅捷,暴风城肩胄,肩部,力量输出
260,101496,天铸·王庭肩卫破阵,索拉查深渊肩卫,肩部,力量输出
260,101497,天铸·王庭肩卫无瑕,奥妮克希亚之肩胄,肩部,力量输出
260,101498,天铸·王庭胸铠洞察,诅咒之城凋零胸铠,胸部,力量输出
260,101499,天铸·王庭胸铠迅捷,希利苏斯幽影胸铠,胸部,力量输出
260,101500,天铸·王庭胸铠破阵,守望者胸甲,胸部,力量输出
260,101501,天铸·王庭胸铠无瑕,红龙军团守望护胸,胸部,力量输出
260,101502,天铸·王庭束带洞察,银色北伐军降世战带,腰部,力量输出
260,101503,天铸·王庭束带迅捷,裁决者之腰甲,腰部,力量输出
260,101504,天铸·王庭束带破阵,辉煌之战带,腰部,力量输出
260,101505,天铸·王庭束带无瑕,风暴峭壁暗影战带,腰部,力量输出
260,101506,天铸·王庭腿卫洞察,新月·腿铠,腿部,力量输出
260,101507,天铸·王庭腿卫迅捷,夜幕照夜护腿,腿部,力量输出
260,101508,天铸·王庭腿卫破阵,剃刀高地奥术腿甲,腿部,力量输出
260,101509,天铸·王庭腿卫无瑕,先驱者腿胄,腿部,力量输出
260,101510,天铸·王庭战靴洞察,深渊·护足,脚部,力量输出
260,101511,天铸·王庭战靴迅捷,龙焰轰雷护足,脚部,力量输出
260,101512,天铸·王庭战靴破阵,远征军之战靴,脚部,力量输出
260,101513,天铸·王庭战靴无瑕,屠龙者护足,脚部,力量输出
260,101514,天铸·王庭腕轮洞察,龙焰·腕铠,腕部,力量输出
260,101515,天铸·王庭腕轮迅捷,唤潮者之腕甲,腕部,力量输出
260,101516,天铸·王庭腕轮破阵,裂空护臂,腕部,力量输出
260,101517,天铸·王庭腕轮无瑕,海加尔山臂甲,腕部,力量输出
260,101518,天铸·王庭护手洞察,破军手甲,手部,力量输出
260,101519,天铸·王庭护手迅捷,风暴峭壁手甲,手部,力量输出
260,101520,天铸·王庭护手破阵,奥格瑞玛精金护手,手部,力量输出
260,101521,天铸·王庭护手无瑕,巨魔祭司之护手,手部,力量输出
260,101522,不朽·王庭冠冕洞察,大领主之战盔,头部,坦克
260,101523,不朽·王庭冠冕迅捷,残月面罩,头部,坦克
260,101524,不朽·王庭冠冕破阵,冬泉谷之战盔,头部,坦克
260,101525,不朽·王庭冠冕无瑕,黑翼之巢极光战盔,头部,坦克
260,101526,不朽·王庭肩卫洞察,泰坦肩甲,肩部,坦克
260,101527,不朽·王庭肩卫迅捷,不灭肩甲,肩部,坦克
260,101528,不朽·王庭肩卫破阵,裂地肩铠,肩部,坦克
260,101529,不朽·王庭肩卫无瑕,晨辉·肩甲,肩部,坦克
260,101530,不朽·王庭胸铠洞察,祖达克胸铠,胸部,坦克
260,101531,不朽·王庭胸铠迅捷,先驱者护胸,胸部,坦克
260,101532,不朽·王庭胸铠破阵,破晓断岳胸甲,胸部,坦克
260,101533,不朽·王庭胸铠无瑕,冻结胸甲,胸部,坦克
260,101534,不朽·王庭束带洞察,风暴领主守护扣带,腰部,坦克
260,101535,不朽·王庭束带迅捷,星轨之战带,腰部,坦克
260,101536,不朽·王庭束带破阵,金曦战带,腰部,坦克
260,101537,不朽·王庭束带无瑕,命运·扣带,腰部,坦克
260,101538,不朽·王庭腿卫洞察,费伍德星轨腿胄,腿部,坦克
260,101539,不朽·王庭腿卫迅捷,红龙军团之护腿,腿部,坦克
260,101540,不朽·王庭腿卫破阵,腿甲·星环,腿部,坦克
260,101541,不朽·王庭腿卫无瑕,腿胄·符文,腿部,坦克
260,101542,不朽·王庭战靴洞察,战靴·山岳,脚部,坦克
260,101543,不朽·王庭战靴迅捷,神祇降世足铠,脚部,坦克
260,101544,不朽·王庭战靴破阵,苍穹护足,脚部,坦克
260,101545,不朽·王庭战靴无瑕,沙塔斯之战靴,脚部,坦克
260,101546,不朽·王庭腕轮洞察,大地·护臂,腕部,坦克
260,101547,不朽·王庭腕轮迅捷,血色修道院护臂,腕部,坦克
260,101548,不朽·王庭腕轮破阵,赤霞之腕甲,腕部,坦克
260,101549,不朽·王庭腕轮无瑕,臂甲·永恒,腕部,坦克
260,101550,不朽·王庭护手洞察,银色北伐军驭天臂铠,手部,坦克
260,101551,不朽·王庭护手迅捷,青铜龙轰雷臂铠,手部,坦克
260,101552,不朽·王庭护手破阵,壁垒手甲,手部,坦克
260,101553,不朽·王庭护手无瑕,青铜护手,手部,坦克
260,101554,苍穹·洞察坠饰,红龙军团之霜痕,颈部,法系输出
260,101555,苍穹·迅捷坠饰,龙骨之断岳,颈部,法系输出
260,101556,苍穹·破阵坠饰,魔能项圈,颈部,法系输出
260,101557,苍穹·无瑕坠饰,月刃之印记,颈部,法系输出
260,101558,苍穹·洞察指环,天火·戒律,戒指,法系输出
260,101559,苍穹·迅捷指环,镇魂使之印戒,戒指,法系输出
260,101560,苍穹·破阵指环,冻结之戒,戒指,法系输出
260,101561,苍穹·无瑕指环,惊雷·指环,戒指,法系输出
260,101562,苍穹·远见指环,苍白之戒,戒指,法系输出
260,101563,苍穹·坚毅指环,生长·戒律,戒指,法系输出
260,101564,苍穹·洞察斗篷,霜狼酋长之腐化,披风,法系输出
260,101565,苍穹·迅捷斗篷,晨辉·斗篷,披风,法系输出
260,101566,苍穹·破阵斗篷,裂云斗篷,披风,法系输出
260,101567,苍穹·无瑕斗篷,驭雷者之峥嵘,披风,法系输出
260,101568,天铸·洞察坠饰,雷霆项链,颈部,力量输出
260,101569,天铸·迅捷坠饰,群星坠饰,颈部,力量输出
260,101570,天铸·破阵坠饰,矮人锻造师之夜幕,颈部,力量输出
260,101571,天铸·无瑕坠饰,回响坠饰,颈部,力量输出
260,101572,天铸·洞察指环,万法王之星云,戒指,力量输出
260,101573,天铸·迅捷指环,临世之戒,戒指,力量输出
260,101574,天铸·破阵指环,咒纹·指环,戒指,力量输出
260,101575,天铸·无瑕指环,远征军之星云,戒指,力量输出
260,101576,天铸·远见指环,荣光之戒,戒指,力量输出
260,101577,天铸·坚毅指环,圣贤之戒指,戒指,力量输出
260,101578,天铸·洞察斗篷,青铜龙之星陨,披风,力量输出
260,101579,天铸·迅捷斗篷,新月之焚烧,披风,力量输出
260,101580,天铸·破阵斗篷,血战披肩,披风,力量输出
260,101581,天铸·无瑕斗篷,霸主披肩,披风,力量输出
260,101582,凌霄·洞察坠饰,蓝龙军团之辉煌,颈部,敏捷输出
260,101583,凌霄·迅捷坠饰,太阳之井的天启,颈部,敏捷输出
260,101584,凌霄·破阵坠饰,血精灵魔导师之护符,颈部,敏捷输出
260,101585,凌霄·无瑕坠饰,奥术之镇渊,颈部,敏捷输出
260,101586,凌霄·洞察指环,青铜·之戒,戒指,敏捷输出
260,101587,凌霄·迅捷指环,剃刀高地的银辉,戒指,敏捷输出
260,101588,凌霄·破阵指环,守护者之钢铁,戒指,敏捷输出
260,101589,凌霄·无瑕指环,潜踪玺戒,戒指,敏捷输出
260,101590,凌霄·远见指环,荣光之守望,戒指,敏捷输出
260,101591,凌霄·坚毅指环,炽焰之玺戒,戒指,敏捷输出
260,101592,凌霄·洞察斗篷,凛冬之罩袍,披风,敏捷输出
260,101593,凌霄·迅捷斗篷,洪荒·镇世,披风,敏捷输出
260,101594,凌霄·破阵斗篷,梦境·斗篷,披风,敏捷输出
260,101595,凌霄·无瑕斗篷,镇渊斗篷,披风,敏捷输出
260,101596,曦光·洞察坠饰,自然之裂地,颈部,治疗
260,101597,曦光·迅捷坠饰,青霜链坠,颈部,治疗
260,101598,曦光·破阵坠饰,银辉之破夜,颈部,治疗
260,101599,曦光·无瑕坠饰,惊雷·护符,颈部,治疗
260,101600,曦光·洞察指环,风暴指环,戒指,治疗
260,101601,曦光·迅捷指环,青霜·指环,戒指,治疗
260,101602,曦光·破阵指环,冲击之戒,戒指,治疗
260,101603,曦光·无瑕指环,卡拉赞的月刃,戒指,治疗
260,101604,曦光·远见指环,地狱火半岛的银辉,戒指,治疗
260,101605,曦光·坚毅指环,精金之之戒,戒指,治疗
260,101606,曦光·洞察斗篷,源质之斗篷,披风,治疗
260,101607,曦光·迅捷斗篷,裂地披肩,披风,治疗
260,101608,曦光·破阵斗篷,玄冰斗篷,披风,治疗
260,101609,曦光·无瑕斗篷,神圣斗篷,披风,治疗
260,101610,不朽·洞察坠饰,晶歌森林的余烬,颈部,坦克
260,101611,不朽·迅捷坠饰,龙鳞·镇岳,颈部,坦克
260,101612,不朽·破阵坠饰,星轨·御风,颈部,坦克
260,101613,不朽·无瑕坠饰,石肤印记,颈部,坦克
260,101614,不朽·洞察指环,静潮·戒律,戒指,坦克
260,101615,不朽·迅捷指环,晨星·破夜,戒指,坦克
260,101616,不朽·破阵指环,磐石之戒,戒指,坦克
260,101617,不朽·无瑕指环,秘银·之戒,戒指,坦克
260,101618,不朽·远见指环,擎天戒律,戒指,坦克
260,101619,不朽·坚毅指环,裁决者之玺戒,戒指,坦克
260,101620,不朽·洞察斗篷,亘古之驭雷,披风,坦克
260,101621,不朽·迅捷斗篷,符文大师之罩袍,披风,坦克
260,101622,不朽·破阵斗篷,银辉之净世,披风,坦克
260,101623,不朽·无瑕斗篷,暗影·披肩,披风,坦克
260,101624,苍穹·洞察秘典,海加尔山的青铜,副手物品,法系输出
260,101625,苍穹·迅捷秘典,黑锋骑士之宝珠,副手物品,法系输出
260,101626,苍穹·破阵秘典,海加尔山的魔铁,副手物品,法系输出
260,101627,苍穹·无瑕秘典,暮星之裂云,副手物品,法系输出
260,101628,曦光·洞察秘典,晨辉魔典,副手物品,治疗
260,101629,曦光·迅捷秘典,轰雷法球,副手物品,治疗
260,101630,曦光·破阵秘典,龙骨·宝珠,副手物品,治疗
260,101631,曦光·无瑕秘典,星云之断空,副手物品,治疗
260,101632,苍穹·洞察壁盾,魔能壁垒,盾牌,法系输出
260,101633,苍穹·迅捷壁盾,祖达克之盾牌,盾牌,法系输出
260,101634,苍穹·破阵壁盾,紫电纹章盾,盾牌,法系输出
260,101635,苍穹·无瑕壁盾,灵能坚盾,盾牌,法系输出
260,101636,曦光·洞察壁盾,风暴领主之护盾,盾牌,治疗
260,101637,曦光·迅捷壁盾,黎明大盾,盾牌,治疗
260,101638,曦光·破阵壁盾,生命大盾,盾牌,治疗
260,101639,曦光·无瑕壁盾,黎明纹章盾,盾牌,治疗
260,101640,不朽·洞察壁盾,破夜壁垒,盾牌,坦克
260,101641,不朽·迅捷壁盾,凋零护盾,盾牌,坦克
260,101642,不朽·破阵壁盾,诅咒之城之护盾,盾牌,坦克
260,101643,不朽·无瑕壁盾,镇岳壁垒,盾牌,坦克
260,101644,天铸·裂界战斧洞察,降世短斧,单手武器,力量输出
260,101645,天铸·裂界战斧迅捷,赤霞之手斧,单手武器,力量输出
260,101646,天铸·裂界战斧破阵,炽焰战斧,单手武器,力量输出
260,101647,凌霄·裂界战斧洞察,疾影战斧,单手武器,敏捷输出
260,101648,凌霄·裂界战斧迅捷,血月短斧,单手武器,敏捷输出
260,101649,凌霄·裂界战斧破阵,逐风短斧,单手武器,敏捷输出
260,101650,不朽·裂界战斧洞察,血色修道院之短斧,单手武器,坦克
260,101651,不朽·裂界战斧迅捷,不灭短斧,单手武器,坦克
260,101652,不朽·裂界战斧破阵,岩心手斧,单手武器,坦克
260,101653,天铸·断岳巨斧洞察,仲裁者重斧,双手武器,力量输出
260,101654,天铸·断岳巨斧迅捷,战争领主重斧,双手武器,力量输出
260,101655,天铸·断岳巨斧破阵,神祇焚烧重斧,双手武器,力量输出
260,101656,天铸·断岳巨斧无瑕,大领主之重斧,双手武器,力量输出
260,101657,凌霄·群星长弓洞察,游侠将军强弓,弓,敏捷输出
260,101658,凌霄·群星长弓迅捷,通灵学院战弓,弓,敏捷输出
260,101659,凌霄·群星长弓破阵,裂云战弓,弓,敏捷输出
260,101660,凌霄·群星长弓无瑕,潜踪猎弓,弓,敏捷输出
260,101661,凌霄·雷鸣火枪洞察,仲裁者之火枪,远程武器,敏捷输出
260,101662,凌霄·雷鸣火枪迅捷,镇魂使铳枪,远程武器,敏捷输出
260,101663,凌霄·雷鸣火枪破阵,血精灵魔导师铳枪,远程武器,敏捷输出
260,101664,凌霄·雷鸣火枪无瑕,复苏之火枪,远程武器,敏捷输出
260,101665,天铸·裁决战锤洞察,破晓者之权杖,主手武器,力量输出
260,101666,天铸·裁决战锤迅捷,通灵学院钉锤,主手武器,力量输出
260,101667,天铸·裁决战锤破阵,失落破夜短锤,主手武器,力量输出
260,101668,不朽·裁决战锤洞察,泰坦监护者之短锤,主手武器,坦克
260,101669,不朽·裁决战锤迅捷,余烬钉锤,主手武器,坦克
260,101670,不朽·裁决战锤破阵,焚烧战锤,主手武器,坦克
260,101671,苍穹·裁决战锤洞察,奥术轰雷权杖,主手武器,法系输出
260,101672,苍穹·裁决战锤迅捷,奥术权杖,主手武器,法系输出
260,101673,苍穹·裁决战锤破阵,寒冰皇冠之短锤,主手武器,法系输出
260,101674,曦光·裁决战锤洞察,唤星者短锤,主手武器,治疗
260,101675,曦光·裁决战锤迅捷,铁炉堡铁锤,主手武器,治疗
260,101676,曦光·裁决战锤破阵,仲裁者之钉锤,主手武器,治疗
260,101677,天铸·泰坦重锤洞察,无尽战锤,双手武器,力量输出
260,101678,天铸·泰坦重锤迅捷,万法王巨锤,双手武器,力量输出
260,101679,天铸·泰坦重锤破阵,破军者之破甲锤,双手武器,力量输出
260,101680,天铸·泰坦重锤无瑕,青铜之破甲锤,双手武器,力量输出
260,101681,天铸·破阵长戟洞察,命轮破天长矛,双手武器,力量输出
260,101682,天铸·破阵长戟迅捷,破云战戟,双手武器,力量输出
260,101683,天铸·破阵长戟破阵,冻结长枪,双手武器,力量输出
260,101684,凌霄·破阵长戟洞察,穿云战戟,双手武器,敏捷输出
260,101685,凌霄·破阵长戟迅捷,轮回长矛,双手武器,敏捷输出
260,101686,凌霄·破阵长戟破阵,刀锋山长矛,双手武器,敏捷输出
260,101687,天铸·王权之刃洞察,圣殿骑士之利剑,主手武器,力量输出
260,101688,天铸·王权之刃迅捷,唤星者之军刀,主手武器,力量输出
260,101689,天铸·王权之刃破阵,破阵利剑,主手武器,力量输出
260,101690,不朽·王权之刃洞察,冬泉谷之长剑,主手武器,坦克
260,101691,不朽·王权之刃迅捷,铁壁利剑,主手武器,坦克
260,101692,不朽·王权之刃破阵,亘古之佩剑,主手武器,坦克
260,101693,苍穹·王权之刃洞察,星陨佩剑,主手武器,法系输出
260,101694,苍穹·王权之刃迅捷,星陨短剑,主手武器,法系输出
260,101695,苍穹·王权之刃破阵,破天长剑,主手武器,法系输出
260,101696,凌霄·王权之刃洞察,破晓者短剑,主手武器,敏捷输出
260,101697,凌霄·王权之刃迅捷,冰封短剑,主手武器,敏捷输出
260,101698,凌霄·王权之刃破阵,暗影·利剑,主手武器,敏捷输出
260,101699,天铸·霜魂巨剑洞察,翡翠·阔剑,双手武器,力量输出
260,101700,天铸·霜魂巨剑迅捷,潮汐战刃,双手武器,力量输出
260,101701,天铸·霜魂巨剑破阵,月刃驭雷阔剑,双手武器,力量输出
260,101702,天铸·霜魂巨剑无瑕,战吼大剑,双手武器,力量输出
260,101703,苍穹·苍穹法杖洞察,苍穹王座之权杖,双手武器,法系输出
260,101704,苍穹·苍穹法杖迅捷,天启·法杖,双手武器,法系输出
260,101705,苍穹·苍穹法杖破阵,暮光审判官之权杖,双手武器,法系输出
260,101706,苍穹·苍穹法杖无瑕,冲击秘杖,双手武器,法系输出
260,101707,曦光·苍穹法杖洞察,失落·权杖,双手武器,治疗
260,101708,曦光·苍穹法杖迅捷,冲击手杖,双手武器,治疗
260,101709,曦光·苍穹法杖破阵,圣光权杖,双手武器,治疗
260,101710,曦光·苍穹法杖无瑕,奥格瑞玛之秘杖,双手武器,治疗
260,101711,凌霄·苍穹法杖洞察,银色北伐军之秘杖,双手武器,敏捷输出
260,101712,凌霄·苍穹法杖迅捷,猎手权杖,双手武器,敏捷输出
260,101713,凌霄·苍穹法杖破阵,影月谷权杖,双手武器,敏捷输出
260,101714,凌霄·风暴拳刃洞察,暮光审判官拳套,主手武器,敏捷输出
260,101715,凌霄·风暴拳刃迅捷,寒冰皇冠之利爪,主手武器,敏捷输出
260,101716,凌霄·风暴拳刃破阵,生命之手甲,主手武器,敏捷输出
260,101717,凌霄·风暴拳刃左契洞察,费伍德之铁拳,副手武器,敏捷输出
260,101718,凌霄·风暴拳刃左契迅捷,唤星者手甲,副手武器,敏捷输出
260,101719,凌霄·风暴拳刃左契破阵,金曦·铁拳,副手武器,敏捷输出
260,101720,凌霄·暮影匕首洞察,艾萨拉尖刺,主手武器,敏捷输出
260,101721,凌霄·暮影匕首迅捷,裁断匕首,主手武器,敏捷输出
260,101722,凌霄·暮影匕首破阵,银辉尖刺,主手武器,敏捷输出
260,101723,苍穹·暮影匕首洞察,静潮之利刃,主手武器,法系输出
260,101724,苍穹·暮影匕首迅捷,幻影轰雷匕首,主手武器,法系输出
260,101725,苍穹·暮影匕首破阵,斯坦索姆刺刀,主手武器,法系输出
260,101726,曦光·暮影匕首洞察,腐化短刃,主手武器,治疗
260,101727,曦光·暮影匕首迅捷,地狱火半岛匕首,主手武器,治疗
260,101728,曦光·暮影匕首破阵,星芒短刃,主手武器,治疗
260,101729,凌霄·暮影匕首左契洞察,碎星尖刺,副手武器,敏捷输出
260,101730,凌霄·暮影匕首左契迅捷,虚空风暴之短刃,副手武器,敏捷输出
260,101731,凌霄·暮影匕首左契破阵,祖尔格拉布之短刃,副手武器,敏捷输出
260,101732,凌霄·回旋飞刃洞察,苍穹缚龙标枪,投掷武器,敏捷输出
260,101733,凌霄·回旋飞刃迅捷,掠影标枪,投掷武器,敏捷输出
260,101734,凌霄·回旋飞刃破阵,游侠将军飞刃,投掷武器,敏捷输出
260,101735,凌霄·风行重弩洞察,圣贤重弩,远程武器,敏捷输出
260,101736,凌霄·风行重弩迅捷,回响连弩,远程武器,敏捷输出
260,101737,凌霄·风行重弩破阵,咒纹重弩,远程武器,敏捷输出
260,101738,凌霄·风行重弩无瑕,银月城连弩,远程武器,敏捷输出
260,101739,苍穹·星辉魔杖洞察,蓝龙军团之咒珠,远程武器,法系输出
260,101740,苍穹·星辉魔杖迅捷,奥格瑞玛之法珠,远程武器,法系输出
260,101741,苍穹·星辉魔杖破阵,咒术魔杖,远程武器,法系输出
260,101742,苍穹·星辉魔杖无瑕,执剑者咒珠,远程武器,法系输出
260,101743,曦光·星辉魔杖洞察,铁炉堡星珠,远程武器,治疗
260,101744,曦光·星辉魔杖迅捷,金曦·灵珠,远程武器,治疗
260,101745,曦光·星辉魔杖破阵,黑锋骑士之星珠,远程武器,治疗
260,101746,曦光·星辉魔杖无瑕,仁爱星珠,远程武器,治疗
