"ID","Charges","Effect_1","Effect_2","Effect_3","EffectPointsMin_1","EffectPointsMin_2","EffectPointsMin_3","EffectPointsMax_1","EffectPointsMax_2","EffectPointsMax_3","EffectArg_1","EffectArg_2","EffectArg_3","Name_Lang_enUS","Name_Lang_enGB","Name_Lang_koKR","Name_Lang_frFR","Name_Lang_deDE","Name_Lang_enCN","Name_Lang_zhCN","Name_Lang_enTW","Name_Lang_zhTW","Name_Lang_esES","Name_Lang_esMX","Name_Lang_ruRU","Name_Lang_ptPT","Name_Lang_ptBR","Name_Lang_itIT","Name_Lang_Unk","Name_Lang_Mask","ItemVisual","Flags","Src_ItemID","Condition_Id","RequiredSkillID","RequiredSkillRank","MinLevel"
"50001","0","3","0","0","0","0","0","0","0","0","93000","0","0","","","","","|cff1eff00伤害提高5%。|r","","","","","","","","","","","","16712190","0","0","63102","0","0","0","0"
"50002","0","3","0","0","0","0","0","0","0","0","93001","0","0","","","","","|cff1eff00威胁值提高5%，受到的伤害降低4%。|r","","","","","","","","","","","","16712190","0","0","63103","0","0","0","0"
"50003","0","3","0","0","0","0","0","0","0","0","93002","0","0","","","","","|cff1eff00治疗效果提高5%。|r","","","","","","","","","","","","16712190","0","0","63104","0","0","0","0"
"50004","0","3","3","0","0","0","0","0","0","0","93003","93004","0","","","","","|cff0070dd伤害提高7%，暴击伤害提高5%。|r","","","","","","","","","","","","16712190","0","0","63105","0","0","0","0"
"50005","0","3","3","0","0","0","0","0","0","0","93005","93006","0","","","","","|cff0070dd威胁值提高10%，受到的伤害降低6%，生命值上限提高5%。|r","","","","","","","","","","","","16712190","0","0","63106","0","0","0","0"
"50006","0","3","3","0","0","0","0","0","0","0","93007","93008","0","","","","","|cff0070dd治疗效果提高7%，法力值上限提高5%。|r","","","","","","","","","","","","16712190","0","0","63107","0","0","0","0"
"50007","0","3","3","3","0","0","0","0","0","0","93009","93010","93011","","","","","|cffa335ee伤害提高10%，暴击伤害提高10%，所有属性提高5%。|r","","","","","","","","","","","","16712190","0","0","63108","0","0","0","0"
"50008","0","3","3","3","0","0","0","0","0","0","93012","93013","93011","","","","","|cffa335ee威胁值提高15%，受到的伤害降低8%，生命值上限提高10%，所有属性提高5%。|r","","","","","","","","","","","","16712190","0","0","63109","0","0","0","0"
"50009","0","3","3","3","0","0","0","0","0","0","93014","93015","93011","","","","","|cffa335ee治疗效果提高10%，法力值上限提高10%，所有属性提高5%。|r","","","","","","","","","","","","16712190","0","0","63110","0","0","0","0"
