"ID","ClassID","SubclassID","Sound_Override_Subclassid","Material","DisplayInfoID","InventoryType","SheatheType"
"99423","4","1","-1","7","44949","1","0"
"99424","4","1","-1","7","50018","1","0"
"99425","4","1","-1","7","50019","1","0"
"99426","4","1","-1","7","50020","1","0"
"99427","4","1","-1","7","50013","3","0"
"99428","4","1","-1","7","50012","3","0"
"99429","4","1","-1","7","50014","3","0"
"99430","4","1","-1","7","50009","3","0"
"99431","4","1","-1","7","48299","20","0"
"99432","4","1","-1","7","48925","20","0"
"99433","4","1","-1","7","48921","20","0"
"99434","4","1","-1","7","48384","20","0"
"99435","4","1","-1","7","48683","6","0"
"99436","4","1","-1","7","48686","6","0"
"99437","4","1","-1","7","48689","6","0"
"99438","4","1","-1","7","48356","6","0"
"99439","4","1","-1","7","48295","7","0"
"99440","4","1","-1","7","48296","7","0"
"99441","4","1","-1","7","48307","7","0"
"99442","4","1","-1","7","49952","7","0"
"99443","4","1","-1","7","48685","8","0"
"99444","4","1","-1","7","48688","8","0"
"99445","4","1","-1","7","48691","8","0"
"99446","4","1","-1","7","48367","8","0"
"99447","4","1","-1","7","48321","9","0"
"99448","4","1","-1","7","48349","9","0"
"99449","4","1","-1","7","48316","9","0"
"99450","4","1","-1","7","48684","9","0"
"99451","4","1","-1","7","48305","10","0"
"99452","4","1","-1","7","48306","10","0"
"99453","4","1","-1","7","48387","10","0"
"99454","4","1","-1","7","48923","10","0"
"99455","4","2","-1","8","45779","1","0"
"99456","4","2","-1","8","45780","1","0"
"99457","4","2","-1","8","48020","1","0"
"99458","4","2","-1","8","48019","1","0"
"99459","4","2","-1","8","47999","3","0"
"99460","4","2","-1","8","48005","3","0"
"99461","4","2","-1","8","48052","3","0"
"99462","4","2","-1","8","48591","3","0"
"99463","4","2","-1","8","48011","20","0"
"99464","4","2","-1","8","48012","20","0"
"99465","4","2","-1","8","48912","20","0"
"99466","4","2","-1","8","48916","20","0"
"99467","4","2","-1","8","48676","6","0"
"99468","4","2","-1","8","48677","6","0"
"99469","4","2","-1","8","48352","6","0"
"99470","4","2","-1","8","48357","6","0"
"99471","4","2","-1","8","47975","7","0"
"99472","4","2","-1","8","47995","7","0"
"99473","4","2","-1","8","48603","7","0"
"99474","4","2","-1","8","48597","7","0"
"99475","4","2","-1","8","48678","8","0"
"99476","4","2","-1","8","48679","8","0"
"99477","4","2","-1","8","48363","8","0"
"99478","4","2","-1","8","48362","8","0"
"99479","4","2","-1","8","48311","9","0"
"99480","4","2","-1","8","48322","9","0"
"99481","4","2","-1","8","48324","9","0"
"99482","4","2","-1","8","48681","9","0"
"99483","4","2","-1","8","48018","10","0"
"99484","4","2","-1","8","48917","10","0"
"99485","4","2","-1","8","48059","10","0"
"99486","4","2","-1","8","49966","10","0"
"99487","4","3","-1","5","53564","1","0"
"99488","4","3","-1","5","48025","1","0"
"99489","4","3","-1","5","48024","1","0"
"99490","4","3","-1","5","45778","1","0"
"99491","4","3","-1","5","47998","3","0"
"99492","4","3","-1","5","48004","3","0"
"99493","4","3","-1","5","48609","3","0"
"99494","4","3","-1","5","48616","3","0"
"99495","4","3","-1","5","48014","20","0"
"99496","4","3","-1","5","48013","20","0"
"99497","4","3","-1","5","48913","20","0"
"99498","4","3","-1","5","48918","20","0"
"99499","4","3","-1","5","48671","6","0"
"99500","4","3","-1","5","48674","6","0"
"99501","4","3","-1","5","48358","6","0"
"99502","4","3","-1","5","48353","6","0"
"99503","4","3","-1","5","47990","7","0"
"99504","4","3","-1","5","47993","7","0"
"99505","4","3","-1","5","48050","7","0"
"99506","4","3","-1","5","48608","7","0"
"99507","4","3","-1","5","48672","8","0"
"99508","4","3","-1","5","48675","8","0"
"99509","4","3","-1","5","48370","8","0"
"99510","4","3","-1","5","48364","8","0"
"99511","4","3","-1","5","48325","9","0"
"99512","4","3","-1","5","48326","9","0"
"99513","4","3","-1","5","48315","9","0"
"99514","4","3","-1","5","48670","9","0"
"99515","4","3","-1","5","48034","10","0"
"99516","4","3","-1","5","48914","10","0"
"99517","4","3","-1","5","48919","10","0"
"99518","4","3","-1","5","48060","10","0"
"99519","4","4","-1","6","43886","1","0"
"99520","4","4","-1","4","45782","1","0"
"99521","4","4","-1","4","48022","1","0"
"99522","4","4","-1","-1","48033","1","0"
"99523","4","4","-1","1","50016","3","0"
"99524","4","4","-1","1","50017","3","0"
"99525","4","4","-1","1","50015","3","0"
"99526","4","4","-1","1","50003","3","0"
"99527","4","4","-1","1","48015","5","0"
"99528","4","4","-1","1","48016","5","0"
"99529","4","4","-1","1","48927","5","0"
"99530","4","4","-1","1","48928","5","0"
"99531","4","4","-1","1","48660","6","0"
"99532","4","4","-1","1","48661","6","0"
"99533","4","4","-1","1","48355","6","0"
"99534","4","4","-1","1","48360","6","0"
"99535","4","4","-1","6","47988","7","0"
"99536","4","4","-1","6","47991","7","0"
"99537","4","4","-1","6","48043","7","0"
"99538","4","4","-1","6","48045","7","0"
"99539","4","4","-1","1","48663","8","0"
"99540","4","4","-1","1","48669","8","0"
"99541","4","4","-1","1","48366","8","0"
"99542","4","4","-1","1","48372","8","0"
"99543","4","4","-1","6","48313","9","0"
"99544","4","4","-1","6","48312","9","0"
"99545","4","4","-1","6","48314","9","0"
"99546","4","4","-1","6","48347","9","0"
"99547","4","4","-1","1","48032","10","0"
"99548","4","4","-1","1","48905","10","0"
"99549","4","4","-1","1","48926","10","0"
"99550","4","4","-1","1","48640","10","0"
"99551","4","1","-1","7","43891","1","0"
"99552","4","1","-1","7","50005","1","0"
"99553","4","1","-1","7","50007","1","0"
"99554","4","1","-1","7","50008","1","0"
"99555","4","1","-1","7","50010","3","0"
"99556","4","1","-1","7","50011","3","0"
"99557","4","1","-1","7","45676","3","0"
"99558","4","1","-1","7","45126","3","0"
"99559","4","1","-1","7","49954","20","0"
"99560","4","1","-1","7","49963","20","0"
"99561","4","1","-1","7","49958","20","0"
"99562","4","1","-1","7","48300","20","0"
"99563","4","1","-1","7","48359","6","0"
"99564","4","1","-1","7","48354","6","0"
"99565","4","1","-1","7","47412","6","0"
"99566","4","1","-1","7","47421","6","0"
"99567","4","1","-1","7","49955","7","0"
"99568","4","1","-1","7","49964","7","0"
"99569","4","1","-1","7","49959","7","0"
"99570","4","1","-1","7","45218","7","0"
"99571","4","1","-1","7","48368","8","0"
"99572","4","1","-1","7","48371","8","0"
"99573","4","1","-1","7","48365","8","0"
"99574","4","1","-1","7","47414","8","0"
"99575","4","1","-1","7","48687","9","0"
"99576","4","1","-1","7","48690","9","0"
"99577","4","1","-1","7","45745","9","0"
"99578","4","1","-1","7","45743","9","0"
"99579","4","1","-1","7","48920","10","0"
"99580","4","1","-1","7","48618","10","0"
"99581","4","1","-1","7","49960","10","0"
"99582","4","1","-1","7","49957","10","0"
"99583","4","2","-1","8","48601","1","0"
"99584","4","2","-1","8","48602","1","0"
"99585","4","2","-1","8","48739","1","0"
"99586","4","2","-1","8","52634","1","0"
"99587","4","2","-1","8","48598","3","0"
"99588","4","2","-1","8","45436","3","0"
"99589","4","2","-1","8","45667","3","0"
"99590","4","2","-1","8","46944","3","0"
"99591","4","2","-1","8","48054","20","0"
"99592","4","2","-1","8","48055","20","0"
"99593","4","2","-1","8","49968","20","0"
"99594","4","2","-1","8","48599","20","0"
"99595","4","2","-1","8","47409","6","0"
"99596","4","2","-1","8","47900","6","0"
"99597","4","2","-1","8","45245","6","0"
"99598","4","2","-1","8","45244","6","0"
"99599","4","2","-1","8","45428","7","0"
"99600","4","2","-1","8","45665","7","0"
"99601","4","2","-1","8","45666","7","0"
"99602","4","2","-1","8","46946","7","0"
"99603","4","2","-1","8","48369","8","0"
"99604","4","2","-1","8","47428","8","0"
"99605","4","2","-1","8","47403","8","0"
"99606","4","2","-1","8","45238","8","0"
"99607","4","2","-1","8","48682","9","0"
"99608","4","2","-1","8","45746","9","0"
"99609","4","2","-1","8","45753","9","0"
"99610","4","2","-1","8","47436","9","0"
"99611","4","2","-1","8","49965","10","0"
"99612","4","2","-1","8","48039","10","0"
"99613","4","2","-1","8","45426","10","0"
"99614","4","2","-1","8","45664","10","0"
"99615","4","3","-1","5","45783","1","0"
"99616","4","3","-1","5","48606","1","0"
"99617","4","3","-1","5","48613","1","0"
"99618","4","3","-1","5","48614","1","0"
"99619","4","3","-1","5","45682","3","0"
"99620","4","3","-1","5","45672","3","0"
"99621","4","3","-1","5","46881","3","0"
"99622","4","3","-1","5","46890","3","0"
"99623","4","3","-1","5","48604","20","0"
"99624","4","3","-1","5","49969","20","0"
"99625","4","3","-1","5","46356","20","0"
"99626","4","3","-1","5","45807","20","0"
"99627","4","3","-1","5","47406","6","0"
"99628","4","3","-1","5","47419","6","0"
"99629","4","3","-1","5","45247","6","0"
"99630","4","3","-1","5","45765","6","0"
"99631","4","3","-1","5","48615","7","0"
"99632","4","3","-1","5","45681","7","0"
"99633","4","3","-1","5","45671","7","0"
"99634","4","3","-1","5","46882","7","0"
"99635","4","3","-1","5","47408","8","0"
"99636","4","3","-1","5","47420","8","0"
"99637","4","3","-1","5","45240","8","0"
"99638","4","3","-1","5","45239","8","0"
"99639","4","3","-1","5","48673","9","0"
"99640","4","3","-1","5","45744","9","0"
"99641","4","3","-1","5","45750","9","0"
"99642","4","3","-1","5","45358","9","0"
"99643","4","3","-1","5","48605","10","0"
"99644","4","3","-1","5","48611","10","0"
"99645","4","3","-1","5","48037","10","0"
"99646","4","3","-1","5","45679","10","0"
"99647","4","4","-1","-1","48058","1","0"
"99648","4","4","-1","4","48057","1","0"
"99649","4","4","-1","4","48740","1","0"
"99650","4","4","-1","-1","49685","1","0"
"99651","4","4","-1","1","49995","3","0"
"99652","4","4","-1","1","45661","3","0"
"99653","4","4","-1","1","45884","3","0"
"99654","4","4","-1","1","46953","3","0"
"99655","4","4","-1","1","48053","5","0"
"99656","4","4","-1","1","50001","5","0"
"99657","4","4","-1","1","49999","5","0"
"99658","4","4","-1","1","46351","5","0"
"99659","4","4","-1","1","48361","6","0"
"99660","4","4","-1","1","47047","6","0"
"99661","4","4","-1","1","47415","6","0"
"99662","4","4","-1","1","48291","6","0"
"99663","4","4","-1","6","50002","7","0"
"99664","4","4","-1","6","49996","7","0"
"99665","4","4","-1","6","46359","7","0"
"99666","4","4","-1","6","45660","7","0"
"99667","4","4","-1","1","44735","8","0"
"99668","4","4","-1","1","47417","8","0"
"99669","4","4","-1","1","29863","8","0"
"99670","4","4","-1","1","45332","8","0"
"99671","4","4","-1","6","48348","9","0"
"99672","4","4","-1","6","48662","9","0"
"99673","4","4","-1","6","48664","9","0"
"99674","4","4","-1","6","29859","9","0"
"99675","4","4","-1","1","49998","10","0"
"99676","4","4","-1","1","48036","10","0"
"99677","4","4","-1","1","45659","10","0"
"99678","4","4","-1","1","45685","10","0"
"99679","4","2","-1","8","45434","1","0"
"99680","4","2","-1","8","45663","1","0"
"99681","4","2","-1","8","48262","1","0"
"99682","4","2","-1","8","48261","1","0"
"99683","4","2","-1","8","46938","3","0"
"99684","4","2","-1","8","45752","3","0"
"99685","4","2","-1","8","45816","3","0"
"99686","4","2","-1","8","45758","3","0"
"99687","4","2","-1","8","46352","5","0"
"99688","4","2","-1","8","45425","5","0"
"99689","4","2","-1","8","45662","5","0"
"99690","4","2","-1","8","46945","5","0"
"99691","4","2","-1","8","45730","6","0"
"99692","4","2","-1","8","45264","6","0"
"99693","4","2","-1","8","48483","6","0"
"99694","4","2","-1","8","42636","6","0"
"99695","4","2","-1","8","46937","7","0"
"99696","4","2","-1","8","45227","7","0"
"99697","4","2","-1","8","45724","7","0"
"99698","4","2","-1","8","48449","7","0"
"99699","4","2","-1","8","45800","8","0"
"99700","4","2","-1","8","45326","8","0"
"99701","4","2","-1","8","45729","8","0"
"99702","4","2","-1","8","45352","8","0"
"99703","4","2","-1","8","45288","9","0"
"99704","4","2","-1","8","45775","9","0"
"99705","4","2","-1","8","45401","9","0"
"99706","4","2","-1","8","47411","9","0"
"99707","4","2","-1","8","46941","10","0"
"99708","4","2","-1","8","46940","10","0"
"99709","4","2","-1","8","45707","10","0"
"99710","4","2","-1","8","45718","10","0"
"99711","4","3","-1","5","45680","1","0"
"99712","4","3","-1","5","45669","1","0"
"99713","4","3","-1","5","47951","1","0"
"99714","4","3","-1","5","46894","1","0"
"99715","4","3","-1","5","41149","3","0"
"99716","4","3","-1","5","45735","3","0"
"99717","4","3","-1","5","45731","3","0"
"99718","4","3","-1","5","45757","3","0"
"99719","4","3","-1","5","45678","5","0"
"99720","4","3","-1","5","45668","5","0"
"99721","4","3","-1","5","46880","5","0"
"99722","4","3","-1","5","46891","5","0"
"99723","4","3","-1","5","45763","6","0"
"99724","4","3","-1","5","45277","6","0"
"99725","4","3","-1","5","48490","6","0"
"99726","4","3","-1","5","46052","6","0"
"99727","4","3","-1","5","46895","7","0"
"99728","4","3","-1","5","41148","7","0"
"99729","4","3","-1","5","45229","7","0"
"99730","4","3","-1","5","47778","7","0"
"99731","4","3","-1","5","45278","8","0"
"99732","4","3","-1","5","45733","8","0"
"99733","4","3","-1","5","45845","8","0"
"99734","4","3","-1","5","46053","8","0"
"99735","4","3","-1","5","45762","9","0"
"99736","4","3","-1","5","45399","9","0"
"99737","4","3","-1","5","45403","9","0"
"99738","4","3","-1","5","47405","9","0"
"99739","4","3","-1","5","45670","10","0"
"99740","4","3","-1","5","46883","10","0"
"99741","4","3","-1","5","46892","10","0"
"99742","4","3","-1","5","41145","10","0"
"99743","4","4","-1","4","43889","1","0"
"99744","4","4","-1","6","46205","1","0"
"99745","4","4","-1","6","49684","1","0"
"99746","4","4","-1","4","45684","1","0"
"99747","4","4","-1","6","46865","3","0"
"99748","4","4","-1","6","45759","3","0"
"99749","4","4","-1","6","45212","3","0"
"99750","4","4","-1","6","45760","3","0"
"99751","4","4","-1","1","39659","5","0"
"99752","4","4","-1","1","45658","5","0"
"99753","4","4","-1","1","46350","5","0"
"99754","4","4","-1","1","45683","5","0"
"99755","4","4","-1","6","45243","6","0"
"99756","4","4","-1","6","45299","6","0"
"99757","4","4","-1","6","45298","6","0"
"99758","4","4","-1","6","44866","6","0"
"99759","4","4","-1","1","45686","7","0"
"99760","4","4","-1","6","46951","7","0"
"99761","4","4","-1","6","46866","7","0"
"99762","4","4","-1","6","40487","7","0"
"99763","4","4","-1","1","45349","8","0"
"99764","4","4","-1","1","45324","8","0"
"99765","4","4","-1","1","45287","8","0"
"99766","4","4","-1","1","48472","8","0"
"99767","4","4","-1","1","45748","9","0"
"99768","4","4","-1","1","45741","9","0"
"99769","4","4","-1","1","45289","9","0"
"99770","4","4","-1","1","45347","9","0"
"99771","4","4","-1","1","46357","10","0"
"99772","4","4","-1","1","46949","10","0"
"99773","4","4","-1","1","46868","10","0"
"99774","4","4","-1","1","46487","10","0"
"99775","4","4","-1","6","46358","1","0"
"99776","4","4","-1","6","47759","1","0"
"99777","4","4","-1","1","49686","1","0"
"99778","4","4","-1","1","45843","1","0"
"99779","4","4","-1","1","45413","3","0"
"99780","4","4","-1","1","45407","3","0"
"99781","4","4","-1","1","45970","3","0"
"99782","4","4","-1","1","46012","3","0"
"99783","4","4","-1","1","47949","5","0"
"99784","4","4","-1","1","46867","5","0"
"99785","4","4","-1","1","45222","5","0"
"99786","4","4","-1","1","45311","5","0"
"99787","4","4","-1","6","42651","6","0"
"99788","4","4","-1","6","48477","6","0"
"99789","4","4","-1","6","46042","6","0"
"99790","4","4","-1","6","46039","6","0"
"99791","4","4","-1","1","45334","7","0"
"99792","4","4","-1","1","46488","7","0"
"99793","4","4","-1","6","48470","7","0"
"99794","4","4","-1","1","45220","7","0"
"99795","4","4","-1","1","46044","8","0"
"99796","4","4","-1","1","46041","8","0"
"99797","4","4","-1","1","45785","8","0"
"99798","4","4","-1","1","44966","8","0"
"99799","4","4","-1","6","45404","9","0"
"99800","4","4","-1","6","45402","9","0"
"99801","4","4","-1","6","47092","9","0"
"99802","4","4","-1","6","47416","9","0"
"99803","4","4","-1","1","45715","10","0"
"99804","4","4","-1","1","45728","10","0"
"99805","4","4","-1","1","46076","10","0"
"99806","4","4","-1","1","46079","10","0"
"99807","4","0","-1","4","6494","2","0"
"99808","4","0","-1","4","39214","2","0"
"99809","4","0","-1","3","45351","2","0"
"99810","4","0","-1","4","48511","2","0"
"99811","4","0","-1","3","63958","11","0"
"99812","4","0","-1","3","39126","11","0"
"99813","4","0","-1","3","31616","11","0"
"99814","4","0","-1","3","39123","11","0"
"99815","4","0","-1","3","31655","11","0"
"99816","4","0","-1","3","45948","11","0"
"99817","4","1","-1","7","48868","16","0"
"99818","4","1","-1","7","48871","16","0"
"99819","4","1","-1","7","27088","16","0"
"99820","4","1","-1","7","48869","16","0"
"99821","4","0","-1","3","48507","2","0"
"99822","4","0","-1","3","48509","2","0"
"99823","4","0","-1","3","48512","2","0"
"99824","4","0","-1","3","39162","2","0"
"99825","4","0","-1","5","44358","11","0"
"99826","4","0","-1","5","39129","11","0"
"99827","4","0","-1","5","45362","11","0"
"99828","4","0","-1","5","31800","11","0"
"99829","4","0","-1","5","44357","11","0"
"99830","4","0","-1","5","44841","11","0"
"99831","4","1","-1","7","48870","16","0"
"99832","4","1","-1","7","45476","16","0"
"99833","4","1","-1","7","45886","16","0"
"99834","4","1","-1","7","45885","16","0"
"99835","4","0","-1","4","4841","2","0"
"99836","4","0","-1","4","39212","2","0"
"99837","4","0","-1","3","31899","2","0"
"99838","4","0","-1","3","39210","2","0"
"99839","4","0","-1","5","49005","11","0"
"99840","4","0","-1","5","43095","11","0"
"99841","4","0","-1","4","33534","11","0"
"99842","4","0","-1","5","26537","11","0"
"99843","4","0","-1","5","35472","11","0"
"99844","4","0","-1","5","39120","11","0"
"99845","4","1","-1","7","46490","16","0"
"99846","4","1","-1","7","46124","16","0"
"99847","4","1","-1","7","47249","16","0"
"99848","4","1","-1","7","47252","16","0"
"99849","4","0","-1","3","9852","2","0"
"99850","4","0","-1","3","31889","2","0"
"99851","4","0","-1","4","34204","2","0"
"99852","4","0","-1","4","33906","2","0"
"99853","4","0","-1","3","28733","11","0"
"99854","4","0","-1","3","31908","11","0"
"99855","4","0","-1","3","24646","11","0"
"99856","4","0","-1","3","31657","11","0"
"99857","4","0","-1","3","31905","11","0"
"99858","4","0","-1","3","33864","11","0"
"99859","4","1","-1","7","46123","16","0"
"99860","4","1","-1","7","46125","16","0"
"99861","4","1","-1","7","46812","16","0"
"99862","4","1","-1","7","43292","16","0"
"99863","4","0","-1","4","43599","2","0"
"99864","4","0","-1","4","46805","2","0"
"99865","4","0","-1","-1","43701","2","0"
"99866","4","0","-1","4","35358","2","0"
"99867","4","0","-1","3","9847","11","0"
"99868","4","0","-1","3","9834","11","0"
"99869","4","0","-1","3","33728","11","0"
"99870","4","0","-1","3","26001","11","0"
"99871","4","0","-1","3","9846","11","0"
"99872","4","0","-1","3","44086","11","0"
"99873","4","1","-1","7","47589","16","0"
"99874","4","1","-1","7","45480","16","0"
"99875","4","1","-1","7","46126","16","0"
"99876","4","1","-1","7","43597","16","0"
"99877","4","0","-1","7","23171","23","7"
"99878","4","0","-1","3","39505","23","0"
"99879","4","0","-1","3","48894","23","0"
"99880","4","0","-1","3","48895","23","0"
"99881","4","0","-1","3","39420","23","0"
"99882","4","0","-1","3","45211","23","0"
"99883","4","0","-1","3","41453","23","0"
"99884","4","0","-1","3","45275","23","0"
"99885","4","6","-1","6","40867","14","4"
"99886","4","6","-1","6","49154","14","4"
"99887","4","6","-1","6","49153","14","4"
"99888","4","6","-1","6","49155","14","4"
"99889","4","6","-1","6","48907","14","4"
"99890","4","6","-1","6","48906","14","4"
"99891","4","6","-1","6","45204","14","4"
"99892","4","6","-1","6","45653","14","4"
"99893","4","6","-1","6","42376","14","4"
"99894","4","6","-1","6","44863","14","4"
"99895","4","6","-1","6","44865","14","4"
"99896","4","6","-1","6","44869","14","4"
"99897","2","0","-1","1","49150","13","3"
"99898","2","0","-1","1","49152","13","3"
"99899","2","0","-1","1","46962","13","3"
"99900","2","0","-1","1","44959","13","3"
"99901","2","0","-1","1","44960","13","3"
"99902","2","0","-1","1","46999","13","3"
"99903","2","0","-1","1","41630","13","1"
"99904","2","0","-1","1","41559","13","3"
"99905","2","0","-1","1","42177","13","1"
"99906","2","1","-1","1","41560","17","1"
"99907","2","1","-1","1","49149","17","1"
"99908","2","1","-1","1","47732","17","1"
"99909","2","1","-1","1","47771","17","1"
"99910","2","2","-1","1","41875","15","0"
"99911","2","2","-1","1","48902","15","0"
"99912","2","2","-1","1","35450","15","0"
"99913","2","2","-1","1","48294","15","0"
"99914","2","3","-1","1","49393","26","0"
"99915","2","3","-1","1","48183","26","0"
"99916","2","3","-1","1","44962","26","0"
"99917","2","3","-1","1","42178","26","0"
"99918","2","4","-1","1","41873","21","3"
"99919","2","4","-1","1","48029","21","3"
"99920","2","4","-1","1","47992","21","3"
"99921","2","4","-1","1","48908","21","3"
"99922","2","4","-1","1","49136","21","3"
"99923","2","4","-1","1","49135","21","3"
"99924","2","4","-1","1","49146","21","3"
"99925","2","4","-1","1","45365","21","3"
"99926","2","4","-1","1","47606","21","3"
"99927","2","4","-1","1","47740","21","3"
"99928","2","4","-1","1","49111","21","3"
"99929","2","4","-1","1","47438","21","3"
"99930","2","5","-1","1","29698","17","1"
"99931","2","5","-1","1","49993","17","1"
"99932","2","5","-1","1","47742","17","1"
"99933","2","5","-1","1","45350","17","1"
"99934","2","6","-1","1","47996","17","1"
"99935","2","6","-1","1","49142","17","1"
"99936","2","6","-1","1","40368","17","1"
"99937","2","6","-1","1","45318","17","1"
"99938","2","6","-1","1","41562","17","2"
"99939","2","6","-1","1","40366","17","1"
"99940","2","7","-1","1","41867","21","3"
"99941","2","7","-1","1","45479","21","3"
"99942","2","7","-1","1","45481","21","3"
"99943","2","7","-1","1","35152","21","3"
"99944","2","7","-1","1","30606","21","3"
"99945","2","7","-1","1","420106","21","3"
"99946","2","7","-1","1","421039","21","3"
"99947","2","7","-1","1","420108","21","3"
"99948","2","7","-1","1","421042","21","3"
"99949","2","7","-1","1","48078","21","3"
"99950","2","7","-1","1","48079","21","3"
"99951","2","7","-1","1","49143","21","3"
"99952","2","8","-1","1","23875","17","1"
"99953","2","8","-1","1","64030","17","1"
"99954","2","8","-1","1","421007","17","1"
"99955","2","8","-1","1","421009","17","1"
"99956","2","10","-1","2","41895","17","2"
"99957","2","10","-1","2","35632","17","2"
"99958","2","10","-1","2","35631","17","2"
"99959","2","10","-1","2","35634","17","2"
"99960","2","10","-1","2","35633","17","2"
"99961","2","10","-1","2","420603","17","2"
"99962","2","10","-1","2","420604","17","2"
"99963","2","10","-1","2","48030","17","2"
"99964","2","10","-1","2","49132","17","2"
"99965","2","10","-1","2","48290","17","2"
"99966","2","10","-1","2","47994","17","2"
"99967","2","13","-1","1","48028","21","7"
"99968","2","13","-1","1","48002","21","7"
"99969","2","13","-1","1","48038","21","7"
"99970","2","13","-1","1","49139","22","7"
"99971","2","13","-1","1","49145","22","7"
"99972","2","13","-1","1","46967","22","7"
"99973","2","15","-1","1","41872","21","3"
"99974","2","15","-1","1","29097","21","3"
"99975","2","15","-1","1","48026","21","3"
"99976","2","15","-1","1","48031","21","3"
"99977","2","15","-1","1","49970","21","3"
"99978","2","15","-1","1","49971","21","3"
"99979","2","15","-1","1","49141","21","3"
"99980","2","15","-1","1","49147","21","3"
"99981","2","15","-1","1","45487","21","3"
"99982","2","15","-1","1","47733","22","3"
"99983","2","15","-1","1","46973","22","3"
"99984","2","15","-1","1","48888","22","3"
"99985","2","16","-1","1","48035","25","0"
"99986","2","16","-1","1","38679","25","0"
"99987","2","16","-1","1","45738","25","0"
"99988","2","18","-1","2","49138","26","0"
"99989","2","18","-1","2","46964","26","0"
"99990","2","18","-1","2","49114","26","0"
"99991","2","18","-1","2","45491","26","0"
"99992","2","19","-1","2","48040","26","0"
"99993","2","19","-1","2","48042","26","0"
"99994","2","19","-1","2","46606","26","0"
"99995","2","19","-1","2","45357","26","0"
"99996","2","19","-1","2","41668","26","0"
"99997","2","19","-1","2","42181","26","0"
"99998","2","19","-1","2","48216","26","0"
"99999","2","19","-1","2","41367","26","0"
